"Series Description","Computer and peripheral equipment  (NAICS = 3341); n.s.a. IP","Computer and peripheral equipment  (NAICS = 3341); s.a. IP","Semiconductor and other electronic component  (NAICS = 3344); n.s.a. IP","Semiconductor and other electronic component  (NAICS = 3344); s.a. IP","Motor vehicles and parts  (NAICS = 3361-3); n.s.a. IP","Motor vehicles and parts  (NAICS = 3361-3); s.a. IP","Computers, communications eq., and semiconductors  (NAICS = 3341,3342,3344); n.s.a. IP","Computers, communications eq., and semiconductors  (NAICS = 3341,3342,3344); s.a. IP"
"Unit:","Index:_2017_100","Index:_2017_100","Index:_2017_100","Index:_2017_100","Index:_2017_100","Index:_2017_100","Index:_2017_100","Index:_2017_100"
"Multiplier:","1","1","1","1","1","1","1","1"
"Currency:","NA","NA","NA","NA","NA","NA","NA","NA"
"Unique Identifier: ","G17/IP_SPECIAL_AGGREGATES/IP.G3341.N","G17/IP_SPECIAL_AGGREGATES/IP.G3341.S","G17/IP_SPECIAL_AGGREGATES/IP.G3344.N","G17/IP_SPECIAL_AGGREGATES/IP.G3344.S","G17/IP_SPECIAL_AGGREGATES/IP.G3361T3.N","G17/IP_SPECIAL_AGGREGATES/IP.G3361T3.S","G17/IP_SPECIAL_AGGREGATES/IP.HITEK2.N","G17/IP_SPECIAL_AGGREGATES/IP.HITEK2.S"
"Time Period","IP.G3341.N","IP.G3341.S","IP.G3344.N","IP.G3344.S","IP.G3361T3.N","IP.G3361T3.S","IP.HITEK2.N","IP.HITEK2.S"
1967-01,,,,,,,0.0440,0.0440
1967-02,,,,,,,0.0440,0.0443
1967-03,,,,,,,0.0439,0.0441
1967-04,,,,,,,0.0430,0.0439
1967-05,,,,,,,0.0431,0.0437
1967-06,,,,,,,0.0442,0.0441
1967-07,,,,,,,0.0434,0.0441
1967-08,,,,,,,0.0447,0.0445
1967-09,,,,,,,0.0456,0.0446
1967-10,,,,,,,0.0461,0.0454
1967-11,,,,,,,0.0471,0.0466
1967-12,,,,,,,0.0473,0.0471
1968-01,,,,,,,0.0470,0.0473
1968-02,,,,,,,0.0478,0.0483
1968-03,,,,,,,0.0476,0.0480
1968-04,,,,,,,0.0461,0.0471
1968-05,,,,,,,0.0478,0.0483
1968-06,,,,,,,0.0490,0.0488
1968-07,,,,,,,0.0477,0.0483
1968-08,,,,,,,0.0496,0.0493
1968-09,,,,,,,0.0506,0.0495
1968-10,,,,,,,0.0506,0.0498
1968-11,,,,,,,0.0505,0.0500
1968-12,,,,,,,0.0503,0.0502
1969-01,,,,,,,0.0506,0.0511
1969-02,,,,,,,0.0505,0.0511
1969-03,,,,,,,0.0517,0.0522
1969-04,,,,,,,0.0518,0.0529
1969-05,,,,,,,0.0528,0.0534
1969-06,,,,,,,0.0544,0.0541
1969-07,,,,,,,0.0543,0.0548
1969-08,,,,,,,0.0561,0.0556
1969-09,,,,,,,0.0574,0.0560
1969-10,,,,,,,0.0577,0.0568
1969-11,,,,,,,0.0571,0.0566
1969-12,,,,,,,0.0566,0.0564
1970-01,,,,,,,0.0559,0.0565
1970-02,,,,,,,0.0548,0.0555
1970-03,,,,,,,0.0549,0.0555
1970-04,,,,,,,0.0551,0.0563
1970-05,,,,,,,0.0547,0.0554
1970-06,,,,,,,0.0551,0.0546
1970-07,,,,,,,0.0549,0.0550
1970-08,,,,,,,0.0540,0.0533
1970-09,,,,,,,0.0540,0.0525
1970-10,,,,,,,0.0521,0.0512
1970-11,,,,,,,0.0507,0.0502
1970-12,,,,,,,0.0505,0.0504
1971-01,,,,,,,0.0490,0.0496
1971-02,,,,,,,0.0486,0.0492
1971-03,,,,,,,0.0488,0.0493
1971-04,,,,,,,0.0481,0.0491
1971-05,,,,,,,0.0486,0.0492
1971-06,,,,,,,0.0504,0.0498
1971-07,,,,,,,0.0504,0.0507
1971-08,,,,,,,0.0513,0.0508
1971-09,,,,,,,0.0529,0.0517
1971-10,,,,,,,0.0531,0.0523
1971-11,,,,,,,0.0535,0.0531
1971-12,,,,,,,0.0541,0.0542
1972-01,0.0275,0.0274,0.0290,0.0290,34.9278,37.3788,0.0562,0.0570
1972-02,0.0282,0.0282,0.0286,0.0286,37.6628,38.0400,0.0566,0.0573
1972-03,0.0288,0.0288,0.0290,0.0286,39.0447,38.3267,0.0573,0.0575
1972-04,0.0297,0.0296,0.0292,0.0290,42.8474,39.5647,0.0578,0.0581
1972-05,0.0300,0.0303,0.0290,0.0291,42.9663,38.8112,0.0582,0.0587
1972-06,0.0306,0.0304,0.0294,0.0288,43.3682,38.2000,0.0593,0.0586
1972-07,0.0309,0.0313,0.0280,0.0298,30.4210,38.0084,0.0578,0.0599
1972-08,0.0311,0.0320,0.0302,0.0300,32.9366,40.2130,0.0600,0.0604
1972-09,0.0322,0.0325,0.0319,0.0309,44.8567,40.8364,0.0622,0.0612
1972-10,0.0334,0.0334,0.0324,0.0319,46.8961,42.2182,0.0635,0.0627
1972-11,0.0344,0.0339,0.0336,0.0334,44.4868,43.3152,0.0652,0.0638
1972-12,0.0352,0.0344,0.0345,0.0356,38.9247,44.4265,0.0668,0.0656
1973-01,0.0350,0.0351,0.0353,0.0356,41.8891,45.4624,0.0663,0.0663
1973-02,0.0357,0.0359,0.0370,0.0370,46.2563,46.4721,0.0679,0.0679
1973-03,0.0357,0.0357,0.0381,0.0377,47.5655,45.9464,0.0688,0.0685
1973-04,0.0365,0.0364,0.0382,0.0382,47.6583,45.8520,0.0694,0.0696
1973-05,0.0376,0.0379,0.0382,0.0385,49.7893,45.7502,0.0705,0.0710
1973-06,0.0393,0.0392,0.0421,0.0413,52.9620,46.1207,0.0749,0.0743
1973-07,0.0390,0.0396,0.0368,0.0387,44.0581,46.4490,0.0703,0.0730
1973-08,0.0413,0.0421,0.0411,0.0410,34.4718,43.6048,0.0753,0.0765
1973-09,0.0436,0.0433,0.0425,0.0412,49.0276,46.1996,0.0782,0.0772
1973-10,0.0460,0.0461,0.0435,0.0429,51.0514,46.1778,0.0803,0.0801
1973-11,0.0491,0.0485,0.0442,0.0440,47.4352,46.0904,0.0833,0.0823
1973-12,0.0519,0.0507,0.0437,0.0445,35.7063,43.7456,0.0849,0.0835
1974-01,0.0530,0.0531,0.0441,0.0446,35.3169,39.4249,0.0850,0.0854
1974-02,0.0554,0.0558,0.0451,0.0452,36.8596,38.5401,0.0869,0.0872
1974-03,0.0581,0.0579,0.0453,0.0450,38.6726,38.3094,0.0886,0.0882
1974-04,0.0580,0.0584,0.0437,0.0443,40.3609,38.5650,0.0865,0.0880
1974-05,0.0611,0.0612,0.0431,0.0434,43.2066,39.4602,0.0883,0.0888
1974-06,0.0641,0.0633,0.0443,0.0432,45.7959,39.7844,0.0911,0.0898
1974-07,0.0640,0.0651,0.0401,0.0420,38.3727,40.6875,0.0870,0.0900
1974-08,0.0650,0.0663,0.0403,0.0402,33.6962,40.6822,0.0830,0.0841
1974-09,0.0674,0.0668,0.0417,0.0406,45.3456,42.1699,0.0908,0.0896
1974-10,0.0663,0.0665,0.0404,0.0399,46.7060,41.9687,0.0904,0.0899
1974-11,0.0669,0.0662,0.0369,0.0366,38.9131,38.5184,0.0884,0.0869
1974-12,0.0666,0.0652,0.0348,0.0350,27.7165,32.8521,0.0870,0.0852
1975-01,0.0627,0.0631,0.0338,0.0343,26.7797,29.8939,0.0828,0.0831
1975-02,0.0607,0.0608,0.0317,0.0319,27.2229,28.2547,0.0794,0.0797
1975-03,0.0600,0.0601,0.0320,0.0319,31.1403,30.3946,0.0792,0.0790
1975-04,0.0599,0.0604,0.0310,0.0310,34.0676,32.1032,0.0777,0.0781
1975-05,0.0590,0.0595,0.0319,0.0321,36.0808,32.8248,0.0772,0.0778
1975-06,0.0595,0.0588,0.0326,0.0317,38.9578,33.6859,0.0781,0.0772
1975-07,0.0577,0.0593,0.0315,0.0335,31.5128,34.6834,0.0757,0.0791
1975-08,0.0590,0.0599,0.0345,0.0343,32.4895,36.3688,0.0789,0.0798
1975-09,0.0622,0.0622,0.0364,0.0353,40.2686,37.7061,0.0823,0.0815
1975-10,0.0645,0.0644,0.0363,0.0358,40.7166,37.3846,0.0831,0.0827
1975-11,0.0679,0.0659,0.0366,0.0362,37.8866,37.8448,0.0849,0.0830
1975-12,0.0704,0.0691,0.0374,0.0377,33.4973,39.4756,0.0880,0.0864
1976-01,0.0704,0.0708,0.0376,0.0381,35.1164,39.6259,0.0871,0.0875
1976-02,0.0727,0.0723,0.0377,0.0380,40.2035,41.7168,0.0881,0.0882
1976-03,0.0755,0.0758,0.0390,0.0388,44.1722,42.0927,0.0906,0.0905
1976-04,0.0782,0.0786,0.0398,0.0403,45.2016,42.7915,0.0914,0.0929
1976-05,0.0820,0.0825,0.0425,0.0425,48.6343,43.6195,0.0961,0.0965
1976-06,0.0863,0.0855,0.0439,0.0427,52.4038,44.3965,0.0991,0.0978
1976-07,0.0892,0.0912,0.0415,0.0434,40.7404,44.6728,0.0976,0.1008
1976-08,0.0915,0.0931,0.0450,0.0449,39.7748,46.2507,0.1023,0.1032
1976-09,0.0970,0.0976,0.0472,0.0465,44.7403,42.8689,0.1076,0.1073
1976-10,0.1004,0.1000,0.0482,0.0475,45.6215,41.3944,0.1105,0.1097
1976-11,0.1040,0.1015,0.0485,0.0481,45.7182,45.9067,0.1135,0.1116
1976-12,0.1079,0.1060,0.0483,0.0484,41.4785,48.4691,0.1160,0.1140
1977-01,0.1047,0.1049,0.0485,0.0490,41.5473,47.2417,0.1131,0.1133
1977-02,0.1079,0.1080,0.0511,0.0515,45.1696,47.0498,0.1181,0.1185
1977-03,0.1102,0.1105,0.0515,0.0512,52.7499,49.2588,0.1195,0.1193
1977-04,0.1155,0.1168,0.0519,0.0523,52.0609,48.7336,0.1220,0.1233
1977-05,0.1200,0.1211,0.0529,0.0530,54.0813,48.6113,0.1252,0.1261
1977-06,0.1274,0.1264,0.0566,0.0551,59.2218,50.5341,0.1322,0.1305
1977-07,0.1285,0.1298,0.0522,0.0546,48.7693,50.9781,0.1279,0.1315
1977-08,0.1313,0.1342,0.0566,0.0567,41.5802,50.7328,0.1339,0.1355
1977-09,0.1372,0.1372,0.0580,0.0572,51.2043,50.6763,0.1384,0.1376
1977-10,0.1427,0.1424,0.0578,0.0571,56.2228,51.0731,0.1403,0.1397
1977-11,0.1510,0.1475,0.0591,0.0586,49.1546,49.7583,0.1449,0.1426
1977-12,0.1574,0.1549,0.0583,0.0583,43.7723,50.8861,0.1474,0.1449
1978-01,0.1577,0.1587,0.0568,0.0575,41.6268,46.5411,0.1440,0.1449
1978-02,0.1656,0.1674,0.0575,0.0578,47.2018,48.2523,0.1471,0.1480
1978-03,0.1746,0.1752,0.0606,0.0606,54.6896,50.7801,0.1534,0.1536
1978-04,0.1819,0.1823,0.0605,0.0605,58.2767,53.0052,0.1549,0.1551
1978-05,0.1854,0.1885,0.0610,0.0613,56.8187,51.3492,0.1564,0.1581
1978-06,0.1984,0.1972,0.0644,0.0630,59.1304,51.3612,0.1639,0.1624
1978-07,0.2005,0.2027,0.0608,0.0632,47.8421,52.4727,0.1610,0.1652
1978-08,0.2043,0.2079,0.0646,0.0649,43.0021,52.6164,0.1668,0.1687
1978-09,0.2148,0.2145,0.0664,0.0657,53.0092,52.3223,0.1725,0.1715
1978-10,0.2234,0.2227,0.0678,0.0673,58.7239,53.1645,0.1763,0.1759
1978-11,0.2370,0.2335,0.0698,0.0690,53.7706,54.6915,0.1838,0.1813
1978-12,0.2459,0.2390,0.0707,0.0701,46.5782,54.1136,0.1889,0.1842
1979-01,0.2461,0.2492,0.0706,0.0715,46.7542,54.8375,0.1878,0.1893
1979-02,0.2529,0.2558,0.0731,0.0736,51.3949,53.0831,0.1925,0.1937
1979-03,0.2592,0.2606,0.0742,0.0742,58.1892,52.8273,0.1968,0.1968
1979-04,0.2596,0.2610,0.0714,0.0723,49.8740,47.0585,0.1923,0.1947
1979-05,0.2647,0.2690,0.0744,0.0747,57.0351,50.9058,0.1989,0.2007
1979-06,0.2813,0.2801,0.0794,0.0778,57.4507,48.7534,0.2099,0.2077
1979-07,0.2891,0.2926,0.0739,0.0766,43.7626,46.8598,0.2065,0.2116
1979-08,0.2992,0.3019,0.0784,0.0786,34.8045,42.0312,0.2144,0.2168
1979-09,0.3105,0.3059,0.0811,0.0799,45.0379,45.2324,0.2231,0.2205
1979-10,0.3152,0.3157,0.0828,0.0822,47.9626,43.7174,0.2267,0.2264
1979-11,0.3336,0.3290,0.0861,0.0850,40.1449,41.0470,0.2374,0.2344
1979-12,0.3466,0.3374,0.0885,0.0874,34.6664,40.7235,0.2462,0.2399
1980-01,0.3411,0.3456,0.0882,0.0890,33.0134,38.0528,0.2441,0.2458
1980-02,0.3486,0.3533,0.0892,0.0897,38.9805,40.0284,0.2483,0.2500
1980-03,0.3637,0.3650,0.0896,0.0894,42.0671,37.9826,0.2533,0.2529
1980-04,0.3631,0.3695,0.0899,0.0906,37.0237,34.5498,0.2537,0.2562
1980-05,0.3779,0.3833,0.0887,0.0890,34.4774,30.9529,0.2557,0.2577
1980-06,0.3950,0.3903,0.0877,0.0861,36.4411,31.0539,0.2590,0.2564
1980-07,0.3948,0.4045,0.0814,0.0847,29.1437,31.1364,0.2503,0.2581
1980-08,0.4130,0.4147,0.0856,0.0855,26.9953,30.8990,0.2611,0.2629
1980-09,0.4311,0.4283,0.0867,0.0857,33.8528,34.0104,0.2669,0.2654
1980-10,0.4421,0.4399,0.0878,0.0872,38.7129,35.7200,0.2713,0.2706
1980-11,0.4644,0.4511,0.0894,0.0881,36.0783,37.3211,0.2800,0.2743
1980-12,0.4815,0.4710,0.0908,0.0900,30.3782,35.4571,0.2876,0.2811
1981-01,0.4797,0.4852,0.0895,0.0903,29.9818,34.0368,0.2839,0.2855
1981-02,0.4911,0.4934,0.0899,0.0909,32.8642,33.6026,0.2869,0.2884
1981-03,0.5052,0.5069,0.0911,0.0912,38.5393,35.0202,0.2914,0.2913
1981-04,0.5215,0.5281,0.0929,0.0931,38.6189,36.1589,0.2961,0.2994
1981-05,0.5353,0.5419,0.0941,0.0939,40.6787,36.7337,0.3015,0.3030
1981-06,0.5534,0.5494,0.0963,0.0952,42.8474,36.6303,0.3085,0.3065
1981-07,0.5536,0.5650,0.0914,0.0942,32.8953,35.4397,0.3028,0.3102
1981-08,0.5770,0.5804,0.0992,0.0987,29.7677,34.2632,0.3172,0.3177
1981-09,0.5781,0.5826,0.1015,0.1015,31.2484,32.2743,0.3203,0.3226
1981-10,0.5949,0.5916,0.1034,0.1028,34.2512,32.4104,0.3266,0.3254
1981-11,0.6098,0.5911,0.1038,0.1026,29.0781,30.3014,0.3305,0.3242
1981-12,0.6160,0.5996,0.1048,0.1035,25.0554,28.9550,0.3368,0.3283
1982-01,0.6011,0.6029,0.1014,0.1018,24.2016,26.6288,0.3230,0.3231
1982-02,0.6279,0.6296,0.1059,0.1069,27.5760,27.8698,0.3390,0.3405
1982-03,0.6314,0.6353,0.1057,0.1061,32.4690,29.6859,0.3403,0.3408
1982-04,0.6308,0.6397,0.1063,0.1069,33.3941,31.2677,0.3391,0.3428
1982-05,0.6443,0.6519,0.1086,0.1081,35.8218,32.4629,0.3449,0.3465
1982-06,0.6644,0.6582,0.1114,0.1106,38.2273,32.8021,0.3532,0.3509
1982-07,0.6667,0.6809,0.1079,0.1108,31.6699,34.2470,0.3494,0.3573
1982-08,0.6555,0.6583,0.1111,0.1105,28.1704,32.0203,0.3497,0.3503
1982-09,0.6839,0.6856,0.1102,0.1100,29.8375,30.6405,0.3550,0.3558
1982-10,0.6931,0.6893,0.1099,0.1088,30.1820,28.6482,0.3570,0.3551
1982-11,0.7246,0.7088,0.1101,0.1091,27.6337,28.7193,0.3643,0.3594
1982-12,0.7523,0.7354,0.1106,0.1097,26.3956,30.5865,0.3740,0.3664
1983-01,0.7667,0.7706,0.1126,0.1123,29.8323,32.3622,0.3765,0.3765
1983-02,0.7791,0.7824,0.1111,0.1122,34.9978,34.5479,0.3768,0.3791
1983-03,0.8105,0.8156,0.1143,0.1149,38.4955,34.5643,0.3887,0.3898
1983-04,0.8449,0.8564,0.1166,0.1166,38.4098,35.4414,0.3972,0.3999
1983-05,0.8659,0.8791,0.1200,0.1197,40.4583,36.4277,0.4054,0.4084
1983-06,0.9086,0.9044,0.1230,0.1224,44.4222,37.9201,0.4176,0.4157
1983-07,0.9406,0.9518,0.1242,0.1276,35.2946,39.0924,0.4263,0.4345
1983-08,0.9926,1.0028,0.1268,0.1264,36.6257,41.5321,0.4277,0.4294
1983-09,1.0589,1.0548,0.1324,0.1322,41.5617,42.4647,0.4566,0.4558
1983-10,1.0840,1.0818,0.1364,0.1352,45.6813,43.2400,0.4655,0.4641
1983-11,1.1397,1.1175,0.1394,0.1382,41.4647,43.3676,0.4782,0.4722
1983-12,1.1731,1.1473,0.1403,0.1395,38.5359,44.8195,0.4873,0.4784
1984-01,1.1740,1.1830,0.1458,0.1458,44.1336,47.3209,0.4918,0.4931
1984-02,1.2111,1.2263,0.1492,0.1501,48.0104,46.6428,0.5023,0.5060
1984-03,1.2470,1.2564,0.1524,0.1535,53.1464,47.1266,0.5131,0.5156
1984-04,1.2836,1.2960,0.1579,0.1581,49.6139,45.6914,0.5242,0.5269
1984-05,1.3068,1.3321,0.1608,0.1608,49.4277,44.8466,0.5321,0.5371
1984-06,1.3692,1.3685,0.1651,0.1650,52.0832,45.1548,0.5484,0.5472
1984-07,1.3708,1.3899,0.1651,0.1693,40.7311,46.5362,0.5457,0.5567
1984-08,1.4134,1.4152,0.1725,0.1725,42.1574,47.5243,0.5633,0.5659
1984-09,1.4449,1.4226,0.1743,0.1729,44.4749,45.3816,0.5731,0.5681
1984-10,1.4605,1.4638,0.1764,0.1756,47.1000,45.0000,0.5773,0.5773
1984-11,1.5091,1.4947,0.1786,0.1769,45.1223,47.1874,0.5883,0.5830
1984-12,1.5638,1.5058,0.1781,0.1755,40.8781,48.4664,0.6006,0.5832
1985-01,1.5307,1.5450,0.1788,0.1789,47.1805,49.4880,0.5915,0.5930
1985-02,1.5208,1.5384,0.1740,0.1752,49.6421,47.6118,0.5821,0.5862
1985-03,1.5517,1.5528,0.1727,0.1736,54.1561,48.0124,0.5857,0.5863
1985-04,1.5001,1.5335,0.1655,0.1670,51.7073,47.6371,0.5644,0.5718
1985-05,1.5226,1.5406,0.1695,0.1694,51.8330,47.3123,0.5720,0.5756
1985-06,1.5822,1.5663,0.1697,0.1694,53.7278,47.1730,0.5819,0.5787
1985-07,1.5461,1.5713,0.1582,0.1621,41.7974,49.0764,0.5542,0.5653
1985-08,1.5804,1.5822,0.1619,0.1616,43.0514,48.4536,0.5642,0.5661
1985-09,1.6127,1.5882,0.1597,0.1585,47.3115,48.0979,0.5628,0.5589
1985-10,1.6097,1.6126,0.1590,0.1578,49.9307,47.8904,0.5605,0.5598
1985-11,1.6571,1.6466,0.1610,0.1587,46.6642,48.8670,0.5720,0.5660
1985-12,1.7163,1.6530,0.1629,0.1607,40.3916,47.7737,0.5840,0.5676
1986-01,1.6432,1.6553,0.1615,0.1618,48.3773,49.8425,0.5654,0.5670
1986-02,1.6349,1.6432,0.1615,0.1636,51.9598,49.3660,0.5624,0.5671
1986-03,1.6589,1.6652,0.1637,0.1649,51.8073,47.9203,0.5689,0.5709
1986-04,1.6099,1.6400,0.1677,0.1681,52.2221,46.9760,0.5685,0.5732
1986-05,1.6374,1.6658,0.1675,0.1678,50.8181,46.6006,0.5714,0.5765
1986-06,1.6741,1.6620,0.1643,0.1641,53.5975,47.6615,0.5594,0.5579
1986-07,1.6476,1.6868,0.1692,0.1741,39.3731,47.9082,0.5764,0.5909
1986-08,1.7069,1.7024,0.1792,0.1784,41.5658,47.0119,0.5976,0.5977
1986-09,1.7117,1.7052,0.1831,0.1823,48.4694,48.4753,0.6070,0.6060
1986-10,1.7207,1.7219,0.1849,0.1836,49.9235,47.3578,0.6109,0.6101
1986-11,1.7936,1.7551,0.1911,0.1879,46.0860,47.9017,0.6293,0.6180
1986-12,1.8611,1.7971,0.1967,0.1937,41.9844,49.1628,0.6531,0.6351
1987-01,1.8175,1.8346,0.1975,0.1980,48.3569,49.5846,0.6470,0.6491
1987-02,1.8929,1.8997,0.1990,0.2014,55.1026,51.9997,0.6580,0.6627
1987-03,1.9061,1.9113,0.2022,0.2032,57.0816,50.7799,0.6626,0.6644
1987-04,1.9645,2.0001,0.2048,0.2059,52.7506,50.0939,0.6704,0.6801
1987-05,2.0380,2.0662,0.2119,0.2118,53.2051,49.0432,0.6906,0.6945
1987-06,2.1424,2.1382,0.2154,0.2154,53.1419,47.9007,0.7112,0.7108
1987-07,2.1516,2.1828,0.2169,0.2213,36.7342,47.4006,0.7157,0.7278
1987-08,2.3167,2.3116,0.2243,0.2231,42.7581,47.6897,0.7492,0.7459
1987-09,2.3353,2.3664,0.2256,0.2272,49.6197,48.8047,0.7551,0.7641
1987-10,2.4001,2.4076,0.2334,0.2315,55.1758,51.8158,0.7804,0.7789
1987-11,2.5030,2.4477,0.2354,0.2317,49.8901,51.4518,0.8002,0.7862
1987-12,2.6072,2.5090,0.2392,0.2353,42.8721,50.1243,0.8280,0.8037
1988-01,2.4868,2.4934,0.2345,0.2351,48.1877,49.6930,0.8003,0.8011
1988-02,2.5105,2.5214,0.2326,0.2358,52.7160,50.2849,0.7992,0.8065
1988-03,2.5861,2.5987,0.2336,0.2353,56.6765,50.9371,0.8142,0.8182
1988-04,2.6029,2.6486,0.2352,0.2367,56.1358,53.4572,0.8216,0.8308
1988-05,2.6208,2.6601,0.2387,0.2394,58.9319,53.9601,0.8319,0.8395
1988-06,2.7160,2.7024,0.2428,0.2425,60.5485,54.4643,0.8526,0.8501
1988-07,2.7193,2.7324,0.2407,0.2452,39.1417,50.4904,0.8469,0.8581
1988-08,2.7229,2.7330,0.2487,0.2482,46.0159,51.7600,0.8649,0.8652
1988-09,2.7686,2.7602,0.2500,0.2499,54.8345,53.9260,0.8701,0.8696
1988-10,2.7985,2.8043,0.2551,0.2519,58.8692,54.4381,0.8801,0.8767
1988-11,2.8106,2.7707,0.2601,0.2558,54.4158,55.8817,0.8903,0.8773
1988-12,2.8521,2.7700,0.2626,0.2588,49.5630,56.7438,0.9018,0.8807
1989-01,2.7663,2.7838,0.2552,0.2563,55.4199,57.7570,0.8757,0.8803
1989-02,2.7501,2.7747,0.2531,0.2545,58.9430,56.9286,0.8696,0.8762
1989-03,2.7684,2.7664,0.2509,0.2528,57.5330,55.2956,0.8672,0.8712
1989-04,2.7492,2.7705,0.2575,0.2576,61.0980,55.0206,0.8766,0.8799
1989-05,2.6837,2.7264,0.2571,0.2579,57.9694,53.0544,0.8680,0.8767
1989-06,2.7197,2.7068,0.2624,0.2624,56.5177,50.7478,0.8838,0.8828
1989-07,2.7769,2.7857,0.2590,0.2634,34.8609,47.4329,0.8856,0.8966
1989-08,2.8248,2.8305,0.2699,0.2698,47.9574,51.4820,0.9123,0.9126
1989-09,2.7968,2.7927,0.2725,0.2728,52.4743,51.3317,0.9142,0.9140
1989-10,2.8334,2.8487,0.2794,0.2772,52.8243,48.6872,0.9323,0.9317
1989-11,2.8932,2.8926,0.2824,0.2786,48.3658,49.7463,0.9498,0.9409
1989-12,3.0048,2.8886,0.2849,0.2807,43.8760,50.3557,0.9756,0.9476
1990-01,2.9194,2.9638,0.2800,0.2833,38.3162,41.2249,0.9580,0.9687
1990-02,2.9068,2.9368,0.2840,0.2874,50.3741,49.2626,0.9648,0.9744
1990-03,2.9331,2.9466,0.2880,0.2914,56.7256,52.0167,0.9795,0.9866
1990-04,2.9162,2.9506,0.2870,0.2930,52.4663,50.6182,0.9707,0.9886
1990-05,2.9693,3.0161,0.2906,0.2931,57.2348,52.0833,0.9903,1.0013
1990-06,3.0597,3.0561,0.2948,0.2952,60.0619,53.4926,1.0126,1.0114
1990-07,3.0339,3.0476,0.2893,0.2948,40.1187,51.8350,1.0010,1.0146
1990-08,3.0490,3.0436,0.2964,0.2966,47.2395,51.5649,1.0161,1.0179
1990-09,3.0815,3.0375,0.3052,0.3014,53.6451,52.2198,1.0368,1.0256
1990-10,3.0766,3.0952,0.3062,0.3024,55.1468,50.1687,1.0372,1.0338
1990-11,3.0847,3.0750,0.3136,0.3063,42.2716,43.1317,1.0526,1.0367
1990-12,3.1856,3.0471,0.3179,0.3082,35.5182,41.5004,1.0755,1.0356
1991-01,2.9943,3.0075,0.3144,0.3119,40.8654,42.8417,1.0391,1.0378
1991-02,3.0353,3.0275,0.3214,0.3183,42.0041,40.1551,1.0551,1.0516
1991-03,3.0901,3.0479,0.3256,0.3217,43.5094,40.8477,1.0696,1.0598
1991-04,3.0525,3.0710,0.3268,0.3239,46.9587,42.9154,1.0667,1.0663
1991-05,3.0784,3.0732,0.3332,0.3307,50.1258,45.0037,1.0809,1.0798
1991-06,3.2306,3.1801,0.3338,0.3287,52.7420,46.8804,1.1010,1.0880
1991-07,3.1363,3.1514,0.3301,0.3341,37.3472,49.9338,1.0821,1.0944
1991-08,3.1431,3.1556,0.3363,0.3373,44.2400,46.3327,1.0998,1.1051
1991-09,3.2084,3.1845,0.3359,0.3360,51.2419,50.5268,1.1074,1.1056
1991-10,3.1115,3.1705,0.3366,0.3401,55.2146,49.8727,1.0999,1.1110
1991-11,3.1355,3.1960,0.3387,0.3426,47.8587,48.9693,1.1158,1.1224
1991-12,3.3924,3.3433,0.3411,0.3485,40.6933,48.5218,1.1568,1.1523
1992-01,3.2927,3.4041,0.3401,0.3592,42.9509,44.4166,1.1412,1.1829
1992-02,3.2474,3.4823,0.3532,0.3629,51.4717,48.0956,1.1556,1.1954
1992-03,3.3229,3.6060,0.4040,0.3675,55.4296,49.7872,1.2492,1.2211
1992-04,3.4719,3.7478,0.3756,0.3725,54.7082,51.0666,1.2235,1.2525
1992-05,3.6100,3.8605,0.3620,0.3777,58.9779,53.4031,1.2255,1.2761
1992-06,3.6862,3.9179,0.4137,0.3903,57.5678,52.1514,1.3232,1.3089
1992-07,3.7708,3.9503,0.3823,0.3998,39.3693,54.8009,1.2825,1.3320
1992-08,3.9769,4.0076,0.3732,0.4037,50.6041,53.2025,1.2953,1.3440
1992-09,4.3465,4.1170,0.4344,0.4115,52.1206,52.4010,1.4263,1.3720
1992-10,4.7369,4.2546,0.4115,0.4232,58.1051,53.8571,1.4446,1.4178
1992-11,4.9344,4.3811,0.4364,0.4323,52.2817,53.9830,1.5150,1.4496
1992-12,4.8070,4.4742,0.4470,0.4328,48.8958,55.3177,1.5273,1.4570
1993-01,4.4921,4.5565,0.3757,0.4288,54.4245,56.4590,1.3720,1.4636
1993-02,4.2454,4.6518,0.4182,0.4334,60.2851,56.0047,1.4227,1.4841
1993-03,4.2376,4.7710,0.4765,0.4375,63.1504,56.6675,1.5204,1.5020
1993-04,4.4049,4.8712,0.4304,0.4391,60.9875,57.0313,1.4565,1.5167
1993-05,4.5588,4.8859,0.4220,0.4440,62.5889,57.1659,1.4589,1.5272
1993-06,4.5640,4.7948,0.4887,0.4523,62.0960,56.7079,1.5773,1.5366
1993-07,4.5438,4.6884,0.4332,0.4545,39.2987,55.1604,1.4850,1.5400
1993-08,4.7159,4.6913,0.4326,0.4599,51.6110,54.0559,1.5112,1.5552
1993-09,5.1916,4.8665,0.5048,0.4631,55.5135,56.3448,1.6797,1.5844
1993-10,5.7409,5.1057,0.4619,0.4668,64.0334,59.6595,1.6613,1.6159
1993-11,5.9797,5.2489,0.4840,0.4708,59.0922,60.8095,1.7376,1.6477
1993-12,5.6578,5.2004,0.5052,0.4830,54.4927,61.5077,1.7606,1.6698
1994-01,4.9871,5.0613,0.4564,0.4985,62.0581,62.9948,1.6095,1.6895
1994-02,4.5481,4.9996,0.4844,0.5062,70.0884,64.3959,1.6230,1.7010
1994-03,4.5514,5.1123,0.5797,0.5273,71.2954,63.6578,1.8044,1.7650
1994-04,4.8754,5.3503,0.5425,0.5528,68.8404,64.7449,1.7749,1.8375
1994-05,5.2663,5.6056,0.5428,0.5692,69.4572,64.2909,1.8175,1.8978
1994-06,5.5291,5.8121,0.6197,0.5780,70.3141,65.0851,1.9818,1.9351
1994-07,5.7755,6.0177,0.5588,0.5934,44.6341,65.0746,1.8948,1.9805
1994-08,6.2538,6.3040,0.5717,0.6100,64.6940,67.1251,1.9769,2.0464
1994-09,7.0589,6.6892,0.6841,0.6310,66.3094,66.9894,2.2423,2.1211
1994-10,7.8496,7.0643,0.6363,0.6515,72.3744,67.6144,2.2422,2.2032
1994-11,8.1443,7.2764,0.6843,0.6711,66.0453,67.7120,2.3715,2.2680
1994-12,7.6970,7.2439,0.7245,0.6960,61.9139,68.3395,2.4308,2.3244
1995-01,6.9141,7.1079,0.6399,0.7128,66.8353,69.2197,2.1996,2.3447
1995-02,6.3732,7.0810,0.7072,0.7332,76.0962,69.6517,2.2678,2.3727
1995-03,6.4184,7.2895,0.8478,0.7641,77.9808,69.6400,2.5278,2.4582
1995-04,6.8965,7.6656,0.7477,0.7860,71.6580,68.5098,2.3853,2.5242
1995-05,7.4842,8.0522,0.7674,0.8132,70.6922,67.2292,2.4829,2.6142
1995-06,7.9446,8.3383,0.8959,0.8325,72.3303,67.6335,2.7631,2.6847
1995-07,8.3551,8.5587,0.7744,0.8408,44.8393,64.9790,2.5808,2.7202
1995-08,8.9317,8.8051,0.8247,0.8831,65.0995,67.7435,2.7381,2.8300
1995-09,9.7660,9.1298,1.0318,0.9276,68.9996,68.7024,3.1783,2.9454
1995-10,10.6070,9.5092,0.9222,0.9531,72.1160,66.9381,3.0771,3.0423
1995-11,11.0675,9.8861,1.0048,0.9781,65.8836,66.4880,3.2616,3.1095
1995-12,10.8766,10.2114,1.0882,1.0278,61.8726,67.6685,3.4082,3.2244
1996-01,10.2428,10.4726,0.9702,1.0786,63.2049,64.7264,3.1300,3.3355
1996-02,9.6706,10.6544,1.0966,1.1394,74.6600,67.6503,3.3271,3.4848
1996-03,9.5650,10.7844,1.3249,1.1712,67.8260,60.2232,3.7113,3.5634
1996-04,9.9250,10.9663,1.1190,1.1973,73.5791,69.6246,3.4184,3.6348
1996-05,10.5460,11.2957,1.1468,1.2357,73.2754,69.6191,3.5273,3.7389
1996-06,11.2698,11.8369,1.3579,1.2657,75.7550,70.7549,3.9512,3.8525
1996-07,12.0568,12.4477,1.1702,1.3083,49.0395,72.2039,3.7405,3.9983
1996-08,13.0058,12.9566,1.2544,1.3579,69.1379,69.8483,3.9720,4.1423
1996-09,14.0435,13.2000,1.5870,1.4113,71.4273,70.5081,4.6121,4.2682
1996-10,14.8587,13.2781,1.4305,1.4788,72.8341,66.8382,4.4687,4.4110
1996-11,15.0789,13.3565,1.5775,1.5209,69.5899,69.4674,4.7536,4.5057
1996-12,14.5559,13.5694,1.6833,1.5532,62.3518,71.2164,4.9435,4.6204
1997-01,13.7370,13.9551,1.4090,1.5955,70.4839,72.3174,4.4110,4.7251
1997-02,13.2741,14.4772,1.5921,1.6798,80.8545,73.4079,4.6985,4.9396
1997-03,13.5721,15.1371,1.9866,1.7470,80.1445,74.6342,5.3598,5.1221
1997-04,14.5055,15.8947,1.6480,1.7981,77.1999,70.4844,4.9656,5.3042
1997-05,15.6176,16.6430,1.7168,1.8763,75.8328,71.7296,5.1865,5.5175
1997-06,16.4784,17.3049,2.0742,1.9274,76.7615,74.2539,5.8590,5.7020
1997-07,17.2066,17.8491,1.7409,1.9704,50.4284,73.6198,5.4595,5.8763
1997-08,18.1933,18.2780,1.9166,2.0717,75.0829,75.7030,5.8342,6.0942
1997-09,19.6061,18.6174,2.4755,2.1723,77.3126,76.3359,6.8541,6.3240
1997-10,21.0922,19.0299,2.1721,2.2375,84.4331,77.5045,6.5639,6.4916
1997-11,22.1046,19.6997,2.4161,2.3128,80.2821,80.3263,7.0772,6.7028
1997-12,22.1976,20.6990,2.6091,2.3681,71.0724,79.5718,7.4117,6.8816
1998-01,21.5349,21.7658,2.1151,2.4334,74.0841,78.7942,6.5951,7.0803
1998-02,20.7937,22.4681,2.3539,2.4396,84.5552,78.2161,6.8919,7.1749
1998-03,20.5719,22.6417,2.7899,2.4932,86.3796,78.0543,7.4891,7.2699
1998-04,20.8416,22.5233,2.3858,2.5916,81.0135,78.4412,6.9933,7.4404
1998-05,21.3266,22.5036,2.3930,2.6278,82.8499,79.0014,7.1078,7.5257
1998-06,21.8518,22.8768,2.9181,2.7404,71.1736,70.7414,7.8966,7.7537
1998-07,22.6212,23.5852,2.5946,2.8884,44.9951,61.1037,7.5350,8.0270
1998-08,24.0903,24.4568,2.8362,3.0318,82.2424,81.9443,8.0343,8.3146
1998-09,26.4288,25.3138,3.6036,3.2134,84.3996,83.0573,9.2126,8.6353
1998-10,28.8827,26.1549,3.3258,3.3835,93.8735,85.7025,9.1190,8.9333
1998-11,30.3128,27.0156,3.6451,3.5101,83.9400,85.2652,9.7088,9.2048
1998-12,29.9729,27.9237,4.0595,3.6676,77.2997,86.4848,10.3166,9.5402
1999-01,28.5825,28.8720,3.4415,3.8312,83.0224,86.2914,9.3924,9.9002
1999-02,27.5693,29.7613,3.7213,4.0388,94.2228,87.4800,9.7235,10.3058
1999-03,27.8888,30.6025,4.7101,4.2019,96.3127,87.2953,11.0780,10.6504
1999-04,29.2170,31.3947,4.0334,4.3865,91.6081,88.1259,10.4453,11.0717
1999-05,30.5881,32.0799,4.1128,4.5252,93.9988,89.0885,10.7164,11.3515
1999-06,31.1929,32.6218,5.1501,4.7196,92.8887,88.7570,12.1288,11.6797
1999-07,31.4046,32.9565,4.5173,5.0164,60.8572,88.4048,11.3819,12.1769
1999-08,32.2458,33.0170,4.7089,4.9717,93.2806,91.5115,11.8031,12.2113
1999-09,34.2739,32.8286,5.5903,4.9603,91.4573,89.0141,13.1468,12.2785
1999-10,36.5188,32.7060,5.0091,5.1056,100.8362,91.5687,12.6995,12.5172
1999-11,37.6487,33.0446,5.4817,5.3139,89.5352,90.4461,13.4698,12.8921
1999-12,36.8141,34.0594,6.0511,5.4565,79.0602,89.0968,14.3131,13.2633
2000-01,34.7253,35.4041,5.0744,5.6204,88.6310,90.4508,13.0113,13.7431
2000-02,33.1681,36.4722,5.2978,5.7762,94.9260,89.0737,13.3401,14.2079
2000-03,33.4704,36.9586,6.7863,6.0549,96.5088,88.4736,15.2760,14.6973
2000-04,34.9659,37.1054,5.8381,6.3692,91.6241,88.9575,14.3880,15.1896
2000-05,36.2382,37.3335,6.0866,6.6909,91.1685,88.5102,14.9216,15.7763
2000-06,36.4633,37.9342,7.6505,6.9542,91.1503,86.7047,16.8001,16.0835
2000-07,36.6341,38.7588,6.5939,7.3065,57.7296,83.0224,15.5597,16.6271
2000-08,38.2949,39.5184,7.0446,7.4126,85.4182,83.7278,16.3239,16.9041
2000-09,42.3600,39.9709,8.4981,7.5405,85.3362,83.2245,18.5375,17.2172
2000-10,44.8809,40.1550,7.4630,7.6973,89.8228,81.8252,17.5556,17.4194
2000-11,45.6664,40.1794,8.2204,8.0352,77.4627,78.1321,18.5114,17.8061
2000-12,43.1011,40.1782,9.1844,8.2806,67.7608,75.4365,19.5919,18.1457
2001-01,39.3070,40.3632,7.1060,8.1569,69.6481,72.2327,16.9049,18.1291
2001-02,37.1875,40.9206,7.7016,8.1190,78.4121,73.8336,17.2660,17.9951
2001-03,37.9487,41.9130,9.3798,8.1813,84.7203,77.9472,19.0496,18.0423
2001-04,40.3762,42.9589,7.2493,8.0418,80.4500,78.1539,16.6346,17.7526
2001-05,42.2465,43.4344,7.2752,7.9237,84.5687,80.2239,16.7483,17.5324
2001-06,41.9932,42.9974,8.6703,7.8019,83.4394,78.7619,18.0964,17.1874
2001-07,40.7408,42.0500,6.6920,7.4679,55.8389,79.3589,15.7055,16.6107
2001-08,40.6250,41.2475,7.2844,7.5992,81.6733,78.8798,16.0184,16.4792
2001-09,42.9539,41.0808,8.9203,7.7622,79.3393,76.4801,17.7710,16.4610
2001-10,46.2449,41.4509,7.6483,7.9230,82.7861,74.9632,16.6679,16.5328
2001-11,47.8119,42.1042,7.9754,7.8071,78.1341,78.0923,16.9505,16.3172
2001-12,45.8899,42.8045,9.0739,8.1924,70.9254,81.0081,17.8656,16.6389
2002-01,42.2094,43.3566,7.3628,8.3054,78.1640,80.3948,15.3823,16.4523
2002-02,39.4781,43.5018,8.0067,8.6572,86.9939,81.0024,15.7034,16.8407
2002-03,38.9387,43.1785,10.3259,8.8337,87.5515,81.8572,17.8645,16.9484
2002-04,40.0088,42.6885,8.0469,9.0789,89.7452,84.2400,15.7839,17.0715
2002-05,41.4743,42.5280,8.5059,9.2091,89.2887,84.5176,16.2903,17.0800
2002-06,42.3211,42.9995,10.5392,9.3702,92.0437,85.9879,18.3111,17.2470
2002-07,42.8899,43.8140,8.3897,9.5136,62.1166,88.3553,16.2008,17.3484
2002-08,44.2245,44.4793,9.2618,9.6704,89.9656,87.0521,17.1415,17.5921
2002-09,46.8354,44.6314,11.3159,9.7610,90.6039,86.6796,19.4433,17.7114
2002-10,49.2720,44.4171,9.4078,9.8730,95.0442,85.9653,17.8691,17.7270
2002-11,49.4796,44.1253,10.1517,9.9873,86.7457,89.6144,18.6739,17.9063
2002-12,46.6048,44.0164,11.0354,10.0899,73.6878,86.2845,19.2718,18.0108
2003-01,42.7128,44.2744,9.2037,10.4129,87.9209,90.9838,16.8578,18.2474
2003-02,40.5668,45.0248,10.0759,10.7760,94.2805,87.7604,17.5584,18.8080
2003-03,41.4809,46.3009,12.5853,10.9388,95.4899,87.5463,20.0162,19.0896
2003-04,44.6081,47.8501,9.8867,11.1714,89.4316,86.7884,17.8642,19.4744
2003-05,47.7863,49.2061,10.7378,11.5326,90.3050,86.4338,19.0505,19.9827
2003-06,49.1128,50.0579,13.3716,11.9971,91.5282,87.5110,21.8343,20.6227
2003-07,49.4173,50.4554,10.8924,12.5721,63.4948,91.0629,19.6636,21.3436
2003-08,50.6543,50.5784,12.4606,12.9610,90.5660,86.9366,21.3378,21.8347
2003-09,53.6141,50.5880,15.8184,13.4829,95.9411,91.8578,24.8981,22.3702
2003-10,56.3927,50.5956,13.2485,14.0285,99.5187,90.5049,23.0169,22.9740
2003-11,56.6459,50.6819,14.6569,14.4245,90.8290,91.3318,24.4441,23.4735
2003-12,53.4914,50.8698,15.8841,14.5241,80.2598,90.8479,25.4166,23.7375
2004-01,48.9722,51.0202,12.5330,14.7787,86.1437,91.3667,21.9189,24.2772
2004-02,45.7930,50.9461,14.6981,15.1371,98.1686,91.7203,23.4257,24.6164
2004-03,45.2705,50.5560,17.8178,15.4862,98.3316,90.7255,26.0561,24.7848
2004-04,46.5921,49.9985,13.8023,15.6914,92.6194,89.9252,22.5777,24.7462
2004-05,48.1338,49.5214,15.0288,16.0261,90.5960,88.4973,23.8929,24.9170
2004-06,48.7771,49.3361,17.9401,16.1199,90.6794,85.3646,26.5320,24.9802
2004-07,49.3882,49.5616,14.1234,16.0467,61.3175,84.7104,23.3108,25.0284
2004-08,51.3212,50.2933,15.7382,16.1569,90.4562,86.7495,25.0337,25.2616
2004-09,54.9316,51.5194,19.3499,16.4619,90.1331,86.3143,28.4959,25.5726
2004-10,58.6733,53.0566,15.6415,16.5854,96.5883,88.1121,25.8814,25.8316
2004-11,60.2765,54.6414,16.9763,16.6828,84.6786,86.2049,27.1261,26.0273
2004-12,58.3641,56.0429,18.5311,17.0073,78.0271,88.0488,28.2366,26.4444
2005-01,54.7338,57.1614,15.6647,17.6704,86.4428,87.7106,25.0650,27.1419
2005-02,52.2795,57.8750,16.7930,18.1825,97.1842,91.3975,25.7051,27.7453
2005-03,52.4924,58.2748,21.0430,18.4566,90.4965,87.5797,29.3571,28.0325
2005-04,54.7896,58.7052,16.6696,19.0442,92.0799,87.0969,26.0177,28.6287
2005-05,57.8490,59.5967,18.0163,19.3043,87.6718,87.0338,27.6830,29.0217
2005-06,60.6073,61.2063,21.6852,19.5147,93.2647,88.3510,31.1813,29.3530
2005-07,63.2789,63.2527,17.5463,19.8457,61.3746,84.5734,27.9049,29.9171
2005-08,66.6849,65.3005,19.9486,20.3867,92.9326,89.1832,30.3809,30.6334
2005-09,71.0316,66.9580,25.0396,21.0523,95.6989,91.5206,35.3627,31.4713
2005-10,74.8131,68.3386,20.2129,21.5116,101.7901,92.3463,32.1684,32.2621
2005-11,75.8146,69.6539,21.8463,21.5232,86.7755,90.0932,33.8856,32.6644
2005-12,73.0332,71.0848,23.7279,21.7009,79.1925,88.0182,35.2871,33.1273
2006-01,68.9511,72.7439,18.9472,21.8082,87.0006,90.8939,30.4767,33.4454
2006-02,66.9716,74.5595,20.6014,22.1027,93.1401,88.3345,31.5123,33.9577
2006-03,68.8750,76.5991,24.9217,21.9577,96.0140,90.2515,35.5092,34.2502
2006-04,73.6937,78.7495,19.2358,21.8225,90.5603,90.6264,31.6104,34.5950
2006-05,78.9854,80.6948,20.5977,21.9945,89.6801,89.2962,33.8845,35.1893
2006-06,82.3519,82.2606,24.3831,22.1243,94.9998,89.8483,37.8101,35.7374
2006-07,84.0417,83.4844,20.0044,22.1712,62.2216,83.5472,34.2349,36.0105
2006-08,85.8756,84.4912,22.4692,22.9459,92.8185,88.3077,36.5666,36.8320
2006-09,89.5738,85.3363,27.9440,23.5311,90.9889,86.0322,41.8947,37.6285
2006-10,93.5682,86.0703,22.5073,23.8685,94.2414,84.6712,38.0004,37.9549
2006-11,94.4598,86.7129,24.5277,24.1796,85.0641,86.1803,39.8745,38.4251
2006-12,91.6972,87.3424,26.8192,24.4525,80.3154,89.0554,41.5116,38.8600
2007-01,83.8812,88.2445,21.8606,24.6575,81.1311,84.8397,36.2607,39.3224
2007-02,82.1639,89.0951,22.4306,25.0646,92.5469,87.7655,36.8646,40.0974
2007-03,83.3592,90.2093,29.2437,26.0529,94.0408,88.4451,43.3590,41.6661
2007-04,88.1280,91.6362,23.8377,27.0673,90.8022,90.9658,40.2177,43.1412
2007-05,92.5198,93.2876,25.6064,27.6240,90.6892,90.2516,41.3449,42.7677
2007-06,95.9007,95.1465,31.0584,28.4040,97.4752,91.7515,43.9793,41.6481
2007-07,99.7926,97.3240,26.9726,29.4484,66.4412,89.3447,40.0699,41.8163
2007-08,102.2959,99.9974,29.2563,29.9392,94.4370,89.5223,42.0802,42.4850
2007-09,104.7046,103.0731,36.2828,30.6273,90.4998,85.3362,48.3634,43.6855
2007-10,110.5766,106.2741,30.7518,31.9479,94.7720,84.4206,45.2841,45.4988
2007-11,116.3011,109.2333,33.4933,33.2623,85.7399,85.0483,48.4563,47.2587
2007-12,115.7006,111.8029,37.7644,34.4632,74.2611,85.1452,51.8369,48.7299
2008-01,110.8359,114.4035,30.8993,34.6290,78.0485,82.3522,45.6830,49.3127
2008-02,107.6233,117.3905,31.9864,35.8672,86.1192,82.4972,45.9619,50.7067
2008-03,111.3695,120.9440,41.8023,36.9496,78.2642,77.3119,54.0733,51.9840
2008-04,119.7327,124.2201,33.1891,37.1894,75.5018,73.5103,48.8061,52.5305
2008-05,126.6833,125.9217,34.9720,37.4433,71.4397,72.6238,51.1825,52.8726
2008-06,128.2675,125.3232,41.3559,37.5504,79.2166,74.7803,56.2297,52.8279
2008-07,126.4300,123.1115,34.5135,36.5835,56.3050,73.0298,50.6740,51.7670
2008-08,121.9328,120.4482,35.6702,36.2134,70.2531,66.2010,50.8389,51.0304
2008-09,118.0371,118.3689,42.1274,35.4506,70.8166,66.3278,55.2275,49.9798
2008-10,120.6658,117.1357,32.5292,33.0694,72.6017,63.7218,48.2712,47.7534
2008-11,122.9585,116.8369,29.5000,29.6703,60.8271,61.0688,45.8347,44.8344
2008-12,126.9392,117.3712,28.5264,26.4554,51.1699,57.1386,44.9509,42.1344
2009-01,113.0243,118.0199,22.8929,25.7565,37.3948,39.7372,38.3766,41.3701
2009-02,106.0499,117.9039,24.4266,26.4467,46.7833,45.1239,38.3180,41.7413
2009-03,105.7411,116.5305,30.3548,27.4370,48.4152,46.0594,42.9234,42.4445
2009-04,109.4835,114.1950,25.4102,28.1607,46.0437,46.5216,40.1209,42.9840
2009-05,112.2209,111.5782,26.6752,28.8107,41.2286,41.5599,42.0571,43.3691
2009-06,111.1138,109.1495,32.1139,29.5193,42.3833,40.1785,46.0293,43.5957
2009-07,108.2639,106.8091,29.0867,30.8125,41.7552,52.5574,43.2053,44.1045
2009-08,104.6201,104.2102,30.8896,31.7491,58.2464,54.7065,43.9601,44.3377
2009-09,102.8200,101.2981,39.0747,33.2342,64.4210,60.9913,49.6275,45.0657
2009-10,106.3470,98.7142,33.8016,34.4543,68.3260,60.6397,46.4587,45.7598
2009-11,107.8352,97.5381,34.5425,35.6256,63.1149,62.6066,47.2254,46.6663
2009-12,106.8859,98.4591,38.6241,35.8859,55.9463,63.3767,50.3145,47.1780
2010-01,96.2234,100.3528,34.8410,37.7084,61.3217,64.4182,45.9438,48.9772
2010-02,89.9906,101.2384,35.2980,39.7907,65.0250,62.2667,45.4895,50.7968
2010-03,89.4060,99.8325,46.0479,41.8052,68.1055,63.9419,53.8940,52.2293
2010-04,91.8225,96.6660,39.8767,43.3374,64.1923,63.8429,49.5735,53.0746
2010-05,93.4314,93.2236,41.4598,44.5459,69.4957,69.0966,51.5149,53.6859
2010-06,92.3197,90.7467,48.8149,44.9888,72.7558,68.5732,57.3397,53.9027
2010-07,91.0084,89.1664,43.6494,45.9565,57.9074,73.1780,53.3077,54.6573
2010-08,88.9952,87.8363,45.8941,46.8431,74.2054,70.1245,54.9728,55.3482
2010-09,87.8361,86.2647,55.5371,47.6073,74.8218,71.1676,62.1866,55.8366
2010-10,92.7181,84.3090,47.2753,48.4053,80.3118,71.8161,56.7342,56.2967
2010-11,91.5480,82.0062,48.0860,50.1826,68.3468,69.2953,57.2314,57.5570
2010-12,85.8348,79.4915,56.9085,52.5176,60.0591,68.8274,63.5279,59.3539
2011-01,74.5337,77.1473,50.5552,53.7716,67.8081,70.1725,57.0522,60.3740
2011-02,68.6987,75.5871,47.8596,54.1177,76.2480,73.7902,54.2007,60.6637
2011-03,68.7269,75.0478,59.1502,53.7497,80.7504,76.4730,63.1777,60.3337
2011-04,72.1862,75.4652,50.0541,53.7194,69.5277,70.1350,56.5861,60.2692
2011-05,76.0393,76.6534,50.3266,54.0203,71.0691,71.2859,57.7690,60.5818
2011-06,77.9136,78.2892,59.3880,54.2273,74.7950,71.3130,65.2952,60.9967
2011-07,79.9242,79.9000,51.1339,53.6659,59.3134,73.3508,59.1072,60.8711
2011-08,80.0610,80.9750,54.0075,55.0189,79.6258,75.5292,61.4950,62.0999
2011-09,80.1749,81.1862,64.0997,54.9714,79.0058,75.6320,69.1852,62.0053
2011-10,87.8065,81.0140,53.2715,54.7035,88.8536,79.4416,61.8247,61.6180
2011-11,89.9965,81.1815,52.5956,55.2388,76.5856,77.6546,61.2881,61.9153
2011-12,88.7063,82.3210,60.7111,55.9485,70.9057,79.7104,67.2913,62.5438
2012-01,82.6351,84.7254,51.3289,56.5696,79.6079,83.7854,58.7058,63.2708
2012-02,85.1093,88.8213,53.0842,57.7653,86.2531,82.9372,60.2034,64.6083
2012-03,87.2904,90.7186,63.6548,58.3927,87.8755,82.4738,68.6848,65.1683
2012-04,91.4707,93.6986,55.5427,59.0870,83.9950,83.8420,62.5511,65.8298
2012-05,96.0460,95.4256,56.1327,59.9974,83.3953,82.6774,63.6820,66.6011
2012-06,96.0603,95.3213,66.5588,61.0013,88.9364,83.8076,71.9707,67.4140
2012-07,96.8840,97.2683,58.2273,60.6111,68.2616,83.2791,65.8031,67.4592
2012-08,95.7509,95.6353,58.8909,59.8824,86.2973,81.5091,66.4446,66.9181
2012-09,96.8645,94.5653,69.8090,60.9840,83.8355,80.4040,74.6225,67.7592
2012-10,97.8249,96.2575,61.1874,62.4098,91.0223,81.5722,68.6381,69.1150
2012-11,98.4161,95.7091,59.7099,62.1728,82.8418,83.8754,67.7243,69.1136
2012-12,98.8526,95.0586,67.0894,62.3427,74.6736,86.8321,73.7884,69.5616
2013-01,93.1591,96.0068,59.4091,62.7268,80.3233,84.5637,67.7549,70.4428
2013-02,91.4102,95.8267,55.5328,62.0140,89.9866,86.2965,65.0040,70.3964
2013-03,91.5787,94.5536,67.2147,62.6561,91.5539,87.8411,73.6339,71.0712
2013-04,93.4726,95.1480,60.6572,63.8934,89.8230,87.2297,69.5303,72.2817
2013-05,95.8778,94.2272,61.7639,64.9148,88.6847,87.8470,71.2868,73.1087
2013-06,95.9063,93.9693,70.5828,65.7834,94.9891,89.5653,77.4552,73.8875
2013-07,97.6139,97.9581,64.9032,66.8912,69.2592,84.0474,74.0500,75.2973
2013-08,98.3763,97.9660,67.1547,68.0148,94.4900,89.7311,75.7688,76.1061
2013-09,100.8408,98.7513,76.4706,68.6801,95.0310,91.5528,81.6628,76.5768
2013-10,98.7536,97.5431,70.0343,70.6466,100.1417,90.7073,77.5667,77.4754
2013-11,100.5749,98.8519,69.8255,71.7685,92.5888,92.8306,77.2309,78.0321
2013-12,99.7050,96.4672,77.2873,72.8464,78.4455,93.1043,81.7321,78.0004
2014-01,88.8308,91.4635,69.7531,74.5220,83.5802,88.1996,74.4347,78.0055
2014-02,89.3841,93.6512,70.2363,76.7132,98.6088,94.3343,74.0812,79.3524
2014-03,92.0712,96.0235,83.1823,78.4970,101.7598,95.0483,82.7584,80.6107
2014-04,92.3427,94.3985,76.2543,80.0616,95.7560,94.3760,78.1952,81.3327
2014-05,98.5073,96.8275,78.4379,81.8774,98.4628,97.2173,80.8412,82.7529
2014-06,101.6106,99.3667,87.6441,82.4052,103.9667,97.7374,87.1824,83.3490
2014-07,98.5492,99.5130,80.5673,82.7456,84.5661,103.3595,82.0244,83.5663
2014-08,103.2027,103.0314,81.5746,82.6163,103.4643,98.1264,83.4245,84.0252
2014-09,104.1809,102.9924,91.2890,82.6105,100.0671,96.4387,89.8120,84.2858
2014-10,104.8225,102.7102,82.3489,82.3956,105.0351,95.6328,85.1144,84.4312
2014-11,111.0999,107.8963,80.6696,81.9877,98.3313,100.4149,84.9723,85.0040
2014-12,109.5219,106.2495,86.6262,82.1515,86.8723,99.5852,88.7842,84.9089
2015-01,102.3090,105.4164,78.1682,82.1504,91.5896,99.2810,81.6889,84.7856
2015-02,102.9142,107.6665,75.2183,81.8215,99.7473,95.2407,79.5537,85.0526
2015-03,104.2180,108.0055,85.3003,81.0260,107.2675,99.9280,86.8942,85.1501
2015-04,109.8674,111.8209,77.3327,80.5543,102.9193,100.8207,83.1071,85.9971
2015-05,114.0430,111.8175,77.1102,79.9374,105.7240,104.4538,84.5249,86.0152
2015-06,115.3438,112.7729,84.8013,80.4261,105.6859,99.3223,89.5300,86.3093
2015-07,116.6272,117.1876,77.9210,79.8745,89.4199,108.3730,84.5362,86.0203
2015-08,116.2343,115.6293,79.3658,80.2585,107.9083,102.5238,85.0517,85.6333
2015-09,115.5437,115.7143,87.5971,80.7210,105.4092,102.2376,89.9058,85.7817
2015-10,120.1718,117.8093,81.2642,81.0480,112.3790,103.0499,87.4138,86.3183
2015-11,106.7267,103.6527,80.5220,81.2548,100.2215,100.4358,85.6370,84.9700
2015-12,109.6114,106.1176,86.9411,82.4698,86.9131,99.5180,90.3578,86.1674
2016-01,114.4497,117.3406,77.9738,81.6281,96.5934,102.6787,84.3554,87.0702
2016-02,110.5017,115.8167,76.2202,82.5464,107.0617,101.7467,82.1819,87.5833
2016-03,113.2063,117.6771,86.8703,82.9313,104.1723,100.6808,89.4765,88.1556
2016-04,114.9471,116.7283,80.2433,83.7862,107.1761,102.4201,85.5224,88.6114
2016-05,122.4433,120.1947,81.3624,84.7635,100.3633,99.7072,87.5810,89.4482
2016-06,121.3550,118.6208,90.1738,86.0963,110.1252,103.7364,92.6208,89.7131
2016-07,119.8069,119.3459,85.9334,88.2021,86.1450,104.6827,89.1283,90.8216
2016-08,118.8662,119.3977,88.4432,89.4199,108.4675,103.3208,90.9114,91.8382
2016-09,119.6658,118.8707,98.8419,91.3266,106.4047,103.4791,98.4457,93.9355
2016-10,119.4873,117.6397,92.8431,92.6780,112.6308,103.8431,96.9378,95.8463
2016-11,116.5967,113.4604,93.0144,93.5939,99.8339,101.4300,97.7102,96.7200
2016-12,116.2599,112.4933,99.2432,94.1908,91.0520,102.3001,101.7420,96.8701
2017-01,106.2494,109.1792,88.5785,95.0183,95.5376,101.6802,91.9755,96.4125
2017-02,101.1224,105.8238,90.5751,96.0273,106.6884,101.3894,91.3692,96.2163
2017-03,100.8262,103.7518,102.0835,97.5229,106.1834,98.5683,98.9425,96.9917
2017-04,101.0911,102.1877,96.2363,101.0176,103.1181,103.5520,95.4826,99.5320
2017-05,103.4923,101.7287,97.2233,101.0408,102.3994,102.0675,97.5977,100.0716
2017-06,103.9118,100.6563,105.5219,100.5480,106.3166,100.4789,103.6490,100.1287
2017-07,95.6638,95.2551,96.8924,99.5657,79.2322,95.5606,97.2402,99.3922
2017-08,95.0712,94.6318,99.1926,99.3714,102.5447,97.8734,99.2890,99.6635
2017-09,96.9826,95.9543,107.5422,100.0478,101.2178,99.0724,105.5055,100.7624
2017-10,99.1060,98.0172,101.6657,101.3948,108.4888,100.5710,103.4483,102.3257
2017-11,94.8964,94.3278,103.2069,103.1440,99.0754,99.0519,104.6053,103.3698
2017-12,101.5868,98.4864,111.2818,105.3014,89.1976,100.1347,110.8953,105.1334
2018-01,98.0046,101.6974,101.5373,106.5123,95.6450,101.5601,102.5122,105.9948
2018-02,95.4973,99.8212,98.1112,106.2109,110.5559,104.5676,98.8239,105.3759
2018-03,99.3453,102.2166,110.2757,105.5107,113.7789,106.9308,107.4130,105.1166
2018-04,104.5717,105.6915,101.1306,106.0022,110.0675,106.8519,101.9350,106.0281
2018-05,108.6165,107.0738,102.1953,106.3259,99.3792,99.1038,104.1111,106.9159
2018-06,114.8063,111.4307,112.2585,107.3727,110.7881,104.9052,112.3110,108.8777
2018-07,115.5247,115.5965,104.5212,107.5357,83.7813,100.0558,107.5408,110.3114
2018-08,118.3155,118.4505,108.4314,107.8675,109.4001,104.1271,111.2723,111.5714
2018-09,119.2609,117.4545,114.6290,106.6054,108.9069,106.5389,116.1582,111.0280
2018-10,124.1788,123.0218,105.8582,105.2557,112.8491,104.7229,112.2532,110.9289
2018-11,126.9194,125.7064,103.5496,103.0036,102.5935,103.7371,111.7241,109.9139
2018-12,132.0437,128.9238,108.2039,102.4992,94.6059,109.2503,116.2724,110.2645
2019-01,128.3585,132.5001,99.1319,103.7506,94.6940,100.4853,108.6892,111.8800
2019-02,126.9672,132.9596,97.3081,104.7604,108.1161,102.4920,106.4586,112.8559
2019-03,132.3972,135.7514,110.1157,105.3679,110.9004,101.6260,115.9122,113.5721
2019-04,128.3837,130.3428,101.0890,105.8286,101.2939,100.9370,108.9722,113.2199
2019-05,134.9042,132.6995,101.7614,105.8115,102.1226,102.4737,110.5833,113.3659
2019-06,137.7841,133.0738,111.1650,106.7633,111.0746,105.9848,117.4741,114.1142
2019-07,133.1316,134.0520,104.2348,107.5196,86.0764,102.7050,111.7655,114.7986
2019-08,134.9411,135.5473,109.5599,109.1758,109.6985,104.3913,115.6560,115.9776
2019-09,129.8619,127.9710,115.9026,108.7369,101.4606,99.5115,119.2942,114.5245
2019-10,126.1455,123.7553,109.8586,108.9746,100.1836,93.4023,115.5009,113.8883
2019-11,129.7673,127.5485,111.5730,110.9638,104.9144,104.2043,117.4629,115.6679
2019-12,128.9891,125.4299,118.5799,112.6269,88.7823,101.1041,123.2634,117.1676
2020-01,120.5288,124.2497,103.0402,110.9344,97.0771,102.6564,111.0554,116.6602
2020-02,117.7010,122.6228,104.4339,108.6923,114.3925,107.8280,111.2302,115.4253
2020-03,123.7757,126.9343,114.6827,109.4757,82.8341,75.6491,119.0619,116.3446
2020-04,110.8511,111.8996,102.2607,107.5225,20.7298,20.5804,108.3232,112.8169
2020-05,106.9484,104.8657,103.2558,107.1574,39.4626,39.3778,108.4915,111.1319
2020-06,110.9519,107.3931,113.6441,109.2417,89.2349,85.2413,115.6633,112.3317
2020-07,108.3109,110.0467,108.3514,111.7799,90.6278,107.6752,110.8689,114.0371
2020-08,110.7180,111.3266,112.3981,112.4082,111.2837,104.7129,113.8724,114.4013
2020-09,113.3474,113.8411,122.9607,115.8024,104.6275,102.0821,121.6224,116.9989
2020-10,118.9889,115.7934,121.4878,119.8600,109.0968,101.1274,122.4073,120.2063
2020-11,121.1882,117.4224,122.0972,121.1263,100.6647,101.4780,123.8540,121.6815
2020-12,122.6192,119.5341,126.4247,121.0366,91.6075,103.2304,128.1241,122.5388
2021-01,115.2134,118.7140,115.2722,120.3158,96.7473,102.3046,119.0058,122.7804
2021-02,116.4526,121.3929,111.0072,119.1051,98.3624,92.7865,115.8844,122.9826
2021-03,119.1079,123.0081,125.4606,119.6459,104.3803,94.0784,127.0997,124.1255
2021-04,126.8240,128.3737,116.5887,121.9916,88.5810,87.6949,121.8901,126.7530
2021-05,132.5229,130.4577,119.8205,123.9862,90.6486,90.4312,125.5107,128.5070
2021-06,136.4543,131.7667,125.5079,121.2857,91.9964,88.6696,130.1427,126.8217
2021-07,127.1570,129.7220,114.9083,117.7423,78.7770,92.4829,121.1263,124.0982
2021-08,130.3786,131.6118,117.3393,117.8182,96.5217,91.6833,123.3827,124.3620
2021-09,129.6754,130.6866,125.1283,118.1095,86.6729,85.4193,129.8867,125.3074
2021-10,134.9317,131.7255,122.5041,119.9345,102.5554,96.1387,130.9853,127.8767
2021-11,137.1151,132.1535,123.7430,122.4168,98.6285,100.0637,133.6631,130.8042
2021-12,134.6321,130.8526,129.7790,124.7074,87.7852,99.9036,138.9661,133.1251
2022-01,121.2022,126.8091,120.2054,125.7730,95.3363,99.5854,129.6392,134.1327
2022-02,122.1872,131.0052,120.5037,128.9521,101.4734,96.4871,129.3963,137.6028
2022-03,120.9378,128.2017,135.8562,129.5542,113.0375,103.5475,141.4780,138.7262
2022-04,122.7496,125.9589,121.7939,127.9384,104.4116,104.9525,132.4391,138.5115
2022-05,126.8776,124.8487,124.9323,128.7700,103.7068,104.4660,137.1944,140.2421
2022-06,130.3324,126.8263,136.4048,131.2495,106.6293,104.5111,147.2570,143.3774
2022-07,124.7384,126.5639,128.9943,131.7061,93.5703,106.9355,141.5747,144.5225
2022-08,123.1112,126.4750,131.3429,132.8333,112.4363,107.8039,143.7827,145.7310
2022-09,127.7077,127.2466,142.4577,134.0567,109.9649,108.1690,152.5161,146.5361
2022-10,133.5825,127.1808,136.5521,132.9257,117.3565,111.1824,149.8491,145.0931
2022-11,139.7486,129.3212,134.2730,133.4489,106.3420,107.0427,148.4011,144.8335
2022-12,134.7315,127.4691,134.7406,130.8489,97.4657,107.0475,147.6128,141.8317
2023-01,124.3032,130.4407,120.3747,130.0403,100.5128,107.2538,133.2319,140.7748
2023-02,118.8031,130.0580,127.7629,133.5400,112.6595,107.2628,136.1636,142.9203
2023-03,122.2198,130.3489,140.1791,133.5331,114.6871,104.7958,145.6575,143.0404
2023-04,131.6564,134.1060,131.3385,135.8398,112.6619,112.6380,140.3778,145.4632
2023-05,137.3915,134.0613,132.7832,136.0676,113.5554,113.6344,143.1847,145.9301
2023-06,144.7827,139.2198,140.0697,135.4366,111.9224,109.0854,149.6185,146.0502
2023-07,139.3220,140.4574,134.2892,136.6894,99.2563,114.3820,144.5437,147.0968
2023-08,139.4415,142.0966,133.3035,135.6233,116.1009,110.1186,144.5049,146.8145
2023-09,140.7244,139.7572,142.7546,134.4233,112.2012,109.5162,152.6502,146.5066
2023-10,143.2716,137.1285,140.3520,136.4045,108.0201,102.0659,153.7786,148.6301
2023-11,145.3719,137.0729,138.8057,137.8263,109.2690,109.5406,154.0183,150.2660
2023-12,143.3717,135.9125,142.3485,138.9374,101.5847,112.1376,156.6724,150.9093
2024-01,128.7144,135.4302,131.8197,139.4212,97.7548,103.8409,144.6849,150.7342
2024-02,125.1098,136.3983,128.2267,138.2248,115.4684,109.7089,139.4296,149.4712
2024-03,132.8016,141.2271,143.7918,138.3547,119.1597,111.3560,151.3062,149.8491
2024-04,138.9277,142.0249,138.6072,143.8737,112.8051,109.2986,148.1228,154.1052
2024-05,148.4422,144.1395,141.4624,144.2792,109.7462,109.5921,152.4830,155.0573
2024-06,148.9485,142.7852,148.3104,143.4192,112.4164,111.1791,158.6550,154.9794
2024-07,140.0274,142.2301,140.9169,143.4068,88.9826,99.5614,152.8614,155.6892
2024-08,140.9903,144.1348,146.5030,148.7946,113.6922,108.0037,158.1970,160.5182
2024-09,150.9534,149.9479,157.2999,146.4195,110.2850,107.9567,168.0518,159.8005
2024-10,157.7573,152.4544,153.4274,148.7125,109.6306,104.1036,167.3203,161.3975
2024-11,160.7542,151.4876,149.8232,148.1992,106.4014,107.1703,165.6085,160.9703
2024-12,166.4066,157.5736,153.1444,150.2275,88.9313,103.5024,169.1960,163.3446
2025-01,150.5388,158.6648,146.5936,158.0732,90.2198,97.1065,160.6615,169.6334
2025-02,146.7610,159.9524,150.3746,159.6876,111.8021,106.4851,161.4274,171.3223
2025-03,149.3725,159.9616,165.2307,159.2281,116.6422,106.2058,172.7084,171.2601
2025-04,155.8392,159.1169,156.4517,162.2271,106.7938,105.9218,166.2251,172.8078
2025-05,168.3041,163.6835,161.5708,164.3526,110.7208,110.4780,171.5562,174.1713
2025-06,171.4061,164.5429,168.0239,163.1741,109.9361,108.7926,176.3516,172.6464
2025-07,168.4428,171.0941,168.4964,171.5555,95.9920,107.4701,175.3970,178.6265
2025-08,166.9449,170.6425,166.4209,169.1970,116.4212,110.5213,173.5544,176.1928
2025-09,171.7594,171.5279,178.4082,165.6670,111.0116,108.4358,183.8430,174.2107
2025-10,176.5702,170.4791,174.2420,169.1163,107.1826,102.0345,184.3511,177.9722
2025-11,180.2923,169.3777,171.3382,169.7424,100.8770,100.4798,184.1940,179.2343
2025-12,176.7450,168.7953,172.9911,170.5402,89.8125,101.0674,186.0342,180.4053
2026-01,167.7649,175.5434,167.2967,176.7104,93.0453,103.1764,178.6510,185.9844
2026-02,166.0481,178.0140,163.0310,176.0779,111.9092,106.7323,173.6127,186.1274
2026-03,170.7299,179.9256,179.6759,173.5648,114.6765,104.5068,186.4275,184.8546
2026-04,178.4479,182.3641,169.2207,176.4452,107.0228,107.4044,179.7392,187.4845
2026-05,184.8148,180.6928,176.4272,180.9228,109.6508,109.3604,186.8710,190.8506
2026-06,186.1262,179.7598,186.1954,181.8824,108.7970,110.1178,194.8552,191.7230