event_id,event_name,year,countries_iso3,sectors_or_seed,target_gdp,target_source,confidence,mapping_status_v4,engine_eligible,v4_corpus,record_type,source_url,v4_note
1,Dot-com Bubble Collapse & US Recession,,USA;DEU;JPN;KOR;GBR;FRA,electronics;telecommunications;banking,0.04800,carried_forward_v3 (peer_reviewed=false),4,OK,YES,current;v4_primary;v4_max,registry_existing,,no change — no new evidence ingested this phase; gain requires real OECD ICIO / WIOD data or extended Industry enum
2,Argentine Sovereign Default & Currency Crisis,,ARG;BRA;URY;BOL,banking;government;agriculture;consumer_goods,0.11000,carried_forward_v3 (peer_reviewed=false),5,OK,YES,current;v4_primary;v4_max,registry_existing,,no change — no new evidence ingested this phase; gain requires real OECD ICIO / WIOD data or extended Industry enum
3,SARS Epidemic,,CHN;HKG;TWN;SGP;CAN,tourism;consumer_goods;aerospace,0.02600,carried_forward_v3 (peer_reviewed=false),4,OK,YES,current;v4_primary;v4_max,registry_existing,,no change — no new evidence ingested this phase; gain requires real OECD ICIO / WIOD data or extended Industry enum
4,Iraq War & Associated Oil Price Spike,,USA;IRQ,energy;aerospace;government;shipping;agriculture,-0.00500,carried_forward_v3 (peer_reviewed=false),3,OK,YES,current;v4_primary;v4_max,registry_existing,,no change — no new evidence ingested this phase; gain requires real OECD ICIO / WIOD data or extended Industry enum
5,Indian Ocean Earthquake and Tsunami,,IDN;LKA;IND;THA;MDV;MMR;MYS;SOM;KEN;BGD;SYC,agriculture;tourism;utilities;banking,0.15000,carried_forward_v3 (peer_reviewed=false),5,OK,YES,current;v4_primary;v4_max,registry_existing,,no change — no new evidence ingested this phase; gain requires real OECD ICIO / WIOD data or extended Industry enum
6,Hurricane Katrina & Rita,,USA,energy;shipping;banking;tourism,0.03100,carried_forward_v3 (peer_reviewed=false),5,OK,YES,current;v4_primary;v4_max,registry_existing,,no change — no new evidence ingested this phase; gain requires real OECD ICIO / WIOD data or extended Industry enum
7,Global Financial Crisis,,,banking;automotive;consumer_goods,-0.00300,carried_forward_v3 (peer_reviewed=true),3.67,UNMAPPED,no,none,registry_existing,,no change — no new evidence ingested this phase; gain requires real OECD ICIO / WIOD data or extended Industry enum
8,H1N1 Swine Flu Pandemic,,,tourism;aerospace;consumer_goods,-0.00500,carried_forward_v3 (peer_reviewed=false),3,UNMAPPED,no,none,registry_existing,,no change — no new evidence ingested this phase; gain requires real OECD ICIO / WIOD data or extended Industry enum
9,European Sovereign Debt Crisis,,GRC;PRT;IRL;ESP;CYP;DEU;FRA;ITA;NLD;BEL,banking;government,-0.26000,carried_forward_v3 (peer_reviewed=false),5,OK,YES,current;v4_primary;v4_max,registry_existing,,no change — no new evidence ingested this phase; gain requires real OECD ICIO / WIOD data or extended Industry enum
10,Arab Spring Political Upheaval,,TUN;EGY;LBY;YEM;SYR;BHR;SAU;ARE;ISR;TUR,energy;tourism;government;agriculture,0.50000,carried_forward_v3 (peer_reviewed=false),3,OK,YES,current;v4_primary;v4_max,registry_existing,,no change — no new evidence ingested this phase; gain requires real OECD ICIO / WIOD data or extended Industry enum
11,"Tōhoku Earthquake, Tsunami & Fukushima Nuclear Crisis",,JPN;USA;DEU;FRA;ITA;ESP;NLD;POL;BEL;IDN;THA;VNM;MYS;PHL;SGP,automotive;electronics;energy;consumer_goods,-0.00350,carried_forward_v3 (peer_reviewed=true),5.00,OK,YES,current;v4_primary;v4_max,registry_existing,,no change — no new evidence ingested this phase; gain requires real OECD ICIO / WIOD data or extended Industry enum
12,Russia Crimea Annexation & Western Sanctions,,RUS;UKR;DEU;FRA;ITA;ESP;NLD;POL;BEL;ROU;HUN;CZE,energy;banking;aerospace;electronics,-0.02200,carried_forward_v3 (peer_reviewed=false),4,OK,YES,current;v4_primary;v4_max,registry_existing,,no change — no new evidence ingested this phase; gain requires real OECD ICIO / WIOD data or extended Industry enum
13,Nepal Earthquake,,NPL,utilities;tourism;agriculture;energy,0.33000,carried_forward_v3 (peer_reviewed=false),5,OK,no,none,registry_existing,,no change — no new evidence ingested this phase; gain requires real OECD ICIO / WIOD data or extended Industry enum
14,China Stock Market Crash,,CHN,banking;agriculture;consumer_goods,0.06900,carried_forward_v3 (peer_reviewed=false),4,OK,YES,current;v4_primary;v4_max,registry_existing,,no change — no new evidence ingested this phase; gain requires real OECD ICIO / WIOD data or extended Industry enum
15,UK Brexit Referendum and Departure,,GBR;DEU;FRA;ITA;ESP;NLD;POL;BEL,banking;automotive;tourism;agriculture,0.07000,carried_forward_v3 (peer_reviewed=false),5,OK,YES,current;v4_primary;v4_max,registry_existing,,no change — no new evidence ingested this phase; gain requires real OECD ICIO / WIOD data or extended Industry enum
16,US–China Trade War,,USA;CHN;VNM;MEX;KOR;TWN,agriculture;consumer_goods;electronics,0.02600,carried_forward_v3 (peer_reviewed=false),5,OK,YES,current;v4_primary;v4_max,registry_existing,,no change — no new evidence ingested this phase; gain requires real OECD ICIO / WIOD data or extended Industry enum
17,COVID-19 Global Pandemic,,,aerospace;tourism;consumer_goods,-0.03000,carried_forward_v3 (peer_reviewed=true),4.50,UNMAPPED,no,none,registry_existing,,no change — no new evidence ingested this phase; gain requires real OECD ICIO / WIOD data or extended Industry enum
18,Global Semiconductor Chip Shortage,,USA;DEU;JPN;KOR;TWN;CHN,automotive;electronics;consumer_goods;aerospace,,carried_forward_v3 (peer_reviewed=true),4.00,NO_TARGET,no,none,registry_existing,,no change — no new evidence ingested this phase; gain requires real OECD ICIO / WIOD data or extended Industry enum
19,Ever Given Suez Canal Blockage,,,shipping;consumer_goods;automotive;energy;agriculture,-0.00200,carried_forward_v3 (peer_reviewed=true),5.00,UNMAPPED,no,none,registry_existing,,no change — no new evidence ingested this phase; gain requires real OECD ICIO / WIOD data or extended Industry enum
20,Post-COVID Global Supply Chain Disruption,,,shipping;consumer_goods;electronics,0.00200,carried_forward_v3 (peer_reviewed=false),5,UNMAPPED,no,none,registry_existing,,no change — no new evidence ingested this phase; gain requires real OECD ICIO / WIOD data or extended Industry enum
21,Russia Invasion of Ukraine & Global Sanctions,,UKR;RUS;DEU;FRA;ITA;ESP;NLD;POL;BEL,energy;agriculture;aerospace;shipping;banking,-0.01500,carried_forward_v3 (peer_reviewed=true),3.50,OK,YES,current;v4_primary;v4_max,registry_existing,,no change — no new evidence ingested this phase; gain requires real OECD ICIO / WIOD data or extended Industry enum
22,European Natural Gas & Energy Crisis,,DEU;FRA;ITA;ESP;NLD;POL;BEL;GBR;NOR,consumer_goods;energy,-0.00700,carried_forward_v3 (peer_reviewed=true),3.50,OK,YES,current;v4_primary;v4_max,registry_existing,,no change — no new evidence ingested this phase; gain requires real OECD ICIO / WIOD data or extended Industry enum
23,Post-COVID Global Inflation Surge & Central Bank Tightening,,GBR;DEU;FRA;ITA;ESP;NLD;POL;BEL,banking;consumer_goods,0.01400,carried_forward_v3 (peer_reviewed=false),5,OK,YES,current;v4_primary;v4_max,registry_existing,,no change — no new evidence ingested this phase; gain requires real OECD ICIO / WIOD data or extended Industry enum
24,China Real Estate & Evergrande Crisis,,CHN,banking;utilities;consumer_goods,0.27500,carried_forward_v3 (peer_reviewed=false),4,OK,YES,current;v4_primary;v4_max,registry_existing,,no change — no new evidence ingested this phase; gain requires real OECD ICIO / WIOD data or extended Industry enum
25,Sri Lanka Sovereign Default & Economic Collapse,,LKA,government;banking;energy;agriculture;tourism,0.08700,carried_forward_v3 (peer_reviewed=false),5,OK,no,none,registry_existing,,no change — no new evidence ingested this phase; gain requires real OECD ICIO / WIOD data or extended Industry enum
26,Red Sea Houthi Attacks / Shipping Crisis,,EGY;KEN;ETH;TZA;UGA;YEM,shipping;consumer_goods;automotive;energy;agriculture,0.50000,carried_forward_v3 (peer_reviewed=false),5,OK,YES,current;v4_primary;v4_max,registry_existing,,no change — no new evidence ingested this phase; gain requires real OECD ICIO / WIOD data or extended Industry enum
27,Panama Canal Drought & Traffic Restrictions,,USA;CHN;JPN;KOR;PAN,shipping;automotive,0.73000,carried_forward_v3 (peer_reviewed=false),4,OK,YES,current;v4_primary;v4_max,registry_existing,,no change — no new evidence ingested this phase; gain requires real OECD ICIO / WIOD data or extended Industry enum
28,"Trump 2025 ""Liberation Day"" Tariffs & Trade War",,USA;CHN;DEU;FRA;ITA;ESP;NLD;POL;BEL;CAN;MEX;VNM;IND,consumer_goods;agriculture;electronics;automotive,-0.01400,carried_forward_v3 (peer_reviewed=false),4,OK,YES,current;v4_primary;v4_max,registry_existing,,no change — no new evidence ingested this phase; gain requires real OECD ICIO / WIOD data or extended Industry enum
29,Haiti Earthquake,,HTI,,1.20000,carried_forward_v3 (peer_reviewed=false),5,UNMAPPED,no,none,registry_existing,,no change — no new evidence ingested this phase; gain requires real OECD ICIO / WIOD data or extended Industry enum
30,Global Food & Energy Crisis (Post-COVID / Ukraine),,NGA;ZAF;KEN;ETH;AGO;IND;PAK;BGD;LKA;BRA;MEX;ARG;COL;CHL,agriculture;consumer_goods;energy;government,0.60000,carried_forward_v3 (peer_reviewed=false),4,OK,YES,current;v4_primary;v4_max,registry_existing,,no change — no new evidence ingested this phase; gain requires real OECD ICIO / WIOD data or extended Industry enum
31,"2013 ""Taper Tantrum"" EM Currency Crisis",,BRA;IND;IDN;ZAF;TUR,,0.15000,carried_forward_v3 (peer_reviewed=false),3,UNMAPPED,no,none,registry_existing,,no change — no new evidence ingested this phase; gain requires real OECD ICIO / WIOD data or extended Industry enum
32,2014–2016 Oil Price Collapse,,SAU;RUS;NGA;VEN;CAN,,-0.03700,carried_forward_v3 (peer_reviewed=false),4,UNMAPPED,no,none,registry_existing,,no change — no new evidence ingested this phase; gain requires real OECD ICIO / WIOD data or extended Industry enum
33,2015–2016 Global Trade Slowdown,,,,0.02600,carried_forward_v3 (peer_reviewed=false),4,UNMAPPED,no,none,registry_existing,,no change — no new evidence ingested this phase; gain requires real OECD ICIO / WIOD data or extended Industry enum
34,2016 North Korea Nuclear Tests & Sanctions,,PRK;KOR;CHN,,-0.04100,carried_forward_v3 (peer_reviewed=false),2,UNMAPPED,no,none,registry_existing,,no change — no new evidence ingested this phase; gain requires real OECD ICIO / WIOD data or extended Industry enum
35,"2017 Hurricane Season (Harvey, Irma, Maria)",,USA;PRI;DOM;HTI;JAM;BHS,,-0.14000,carried_forward_v3 (peer_reviewed=false),4,UNMAPPED,no,none,registry_existing,,no change — no new evidence ingested this phase; gain requires real OECD ICIO / WIOD data or extended Industry enum
36,2019 Hong Kong Protests,,HKG,,-0.02900,carried_forward_v3 (peer_reviewed=false),4,UNMAPPED,no,none,registry_existing,,no change — no new evidence ingested this phase; gain requires real OECD ICIO / WIOD data or extended Industry enum
37,2021 Evergrande Default (See Event 24 for full),,,,,carried_forward_v3 (peer_reviewed=false),,UNMAPPED,no,none,registry_existing,,no change — no new evidence ingested this phase; gain requires real OECD ICIO / WIOD data or extended Industry enum
38,2022 Russia Gas Nord Stream Pipeline Sabotage,,DEU;FRA;ITA;ESP;NLD;POL;BEL,,0.01500,carried_forward_v3 (peer_reviewed=false),4,UNMAPPED,no,none,registry_existing,,no change — no new evidence ingested this phase; gain requires real OECD ICIO / WIOD data or extended Industry enum
39,2022 Pakistan Economic Crisis & IMF Bailout,,PAK,,0.00200,carried_forward_v3 (peer_reviewed=false),4,UNMAPPED,no,none,registry_existing,,no change — no new evidence ingested this phase; gain requires real OECD ICIO / WIOD data or extended Industry enum
40,2023 Israel-Gaza Conflict & MENA Economic Impact,,ISR;PSE;JOR;LBN;EGY;SAU;ARE;TUR,,0.01200,carried_forward_v3 (peer_reviewed=false),3,UNMAPPED,no,none,registry_existing,,no change — no new evidence ingested this phase; gain requires real OECD ICIO / WIOD data or extended Industry enum
41,2024–2025 Taiwan Strait Tensions & Semiconductor Risk,,TWN;USA;KOR;JPN;DEU;FRA;ITA;ESP;NLD;POL;BEL,,-0.02800,carried_forward_v3 (peer_reviewed=false),3,SCENARIO,no,none,registry_existing,,no change — no new evidence ingested this phase; gain requires real OECD ICIO / WIOD data or extended Industry enum
42,2025–2026 Middle East Energy Shock,,DEU;FRA;ITA;ESP;NLD;POL;BEL;SAU;ARE;ISR;IRN;IRQ,,0.03000,carried_forward_v3 (peer_reviewed=false),3,UNMAPPED,no,none,registry_existing,,no change — no new evidence ingested this phase; gain requires real OECD ICIO / WIOD data or extended Industry enum
101,1994 Mexican Peso Crisis (Tequila Crisis),1994,MEX,MEX:banking,0.048,"World Bank projected 1995 Mexico GDP -4.8% (IMF history vol. c10.pdf); WB *projection*, realized ~-6% not in cited source so not substituted",High,MAPPED,YES,v4_primary;v4_max,expansion_new,https://www.imf.org/external/pubs/ft/history/2012/pdf/c10.pdf,promoted from expansion candidate idx=7
102,1999 Turkey Izmit (Kocaeli) Earthquake,1999,TUR,TUR:consumer_goods,0.05,OECD 1999 Turkish earthquake report '5 percent drop in GDP' (figure-type ambiguous vs 3%-of-GDP damage figure),High,PARTIAL,YES,v4_max,expansion_new,https://www.oecd.org/content/dam/oecd/en/publications/reports/2000/06/economic-effects-of-the-1999-turkish-earthquakes_g17a140f/233456804045.pdf,promoted from expansion candidate idx=4
103,1997 Asian Financial Crisis (Korea),1997,KOR,KOR:banking,0.07,World Bank GEP 1998-99 country output-contraction tables (approx),High,PARTIAL,YES,v4_max,expansion_new,https://thedocs.worldbank.org/en/doc/4aa0b654ecdbaf8302d5901aaada3fbf-0350012021/related/Global-Economic-Prospects-1998-99.pdf,promoted from expansion candidate idx=5
104,1997 Asian Financial Crisis (Thailand),1997,THA,THA:banking,0.07,World Bank GEP 1998-99 country output-contraction tables (approx),High,PARTIAL,YES,v4_max,expansion_new,https://thedocs.worldbank.org/en/doc/4aa0b654ecdbaf8302d5901aaada3fbf-0350012021/related/Global-Economic-Prospects-1998-99.pdf,promoted from expansion candidate idx=5
105,1997 Asian Financial Crisis (Malaysia),1997,MYS,MYS:banking,0.05,World Bank GEP 1998-99 country output-contraction tables (approx),High,PARTIAL,YES,v4_max,expansion_new,https://thedocs.worldbank.org/en/doc/4aa0b654ecdbaf8302d5901aaada3fbf-0350012021/related/Global-Economic-Prospects-1998-99.pdf,promoted from expansion candidate idx=5
106,1997 Asian Financial Crisis (Indonesia),1997,IDN,IDN:banking,0.15,World Bank GEP 1998-99 country output-contraction tables (approx),High,PARTIAL,YES,v4_max,expansion_new,https://thedocs.worldbank.org/en/doc/4aa0b654ecdbaf8302d5901aaada3fbf-0350012021/related/Global-Economic-Prospects-1998-99.pdf,promoted from expansion candidate idx=5
107,1997 Asian Financial Crisis (Philippines),1997,PHL,PHL:banking,0.005,World Bank GEP 1998-99 country output-contraction tables (approx),High,PARTIAL,YES,v4_max,expansion_new,https://thedocs.worldbank.org/en/doc/4aa0b654ecdbaf8302d5901aaada3fbf-0350012021/related/Global-Economic-Prospects-1998-99.pdf,promoted from expansion candidate idx=5
C01,1990 Iraqi Invasion of Kuwait Oil Price Shock,1990,"IRQ,KWT","banking,consumer_goods,energy,shipping",,UNMAPPABLE: GDP% present but wrong figure-type ('GNP by 0.25 percent'),High,UNMAPPABLE,no,none,expansion_excluded,https://www.elibrary.imf.org/view/journals/022/0052/004/article-A007-en.xml,
C02,1992 European Exchange Rate Mechanism (Black Wednesday) Crisis,1992,"DEU,ESP,FRA,GBR,ITA",banking,,UNMAPPABLE: no GDP%-of-output figure (money/physical units only),High,UNMAPPABLE,no,none,expansion_excluded,https://www.bankofengland.co.uk/about/history,
C03,1995 Kobe Earthquake (Great Hanshin Earthquake),1995,JPN,"aerospace,consumer_goods,electronics,shipping,tourism,utilities",,UNMAPPABLE: no GDP%-of-output figure (money/physical units only),High,UNMAPPABLE,no,none,expansion_excluded,https://www.mlit.go.jp/english/white-paper/unyu-whitepaper/1995/1995010101.html,
C06,2000–2001 California Electricity Crisis,2000,USA,"consumer_goods,energy,utilities",,UNMAPPABLE: no GDP%-of-output figure (money/physical units only),High,UNMAPPABLE,no,none,expansion_excluded,https://oag.ca.gov/cfs/energy,
C08,2001 September 11 Attacks Aviation and Insurance Shock,2001,USA,"aerospace,banking,shipping",,UNMAPPABLE: no GDP%-of-output figure (money/physical units only),High,UNMAPPABLE,no,none,expansion_excluded,https://www.iata.org/contentassets/49a331cdfb85447cac12894e01aabb5c/fact-sheet-iata-9-11.pdf,
C09,1998 Russian Financial Crisis and Ruble Default,1998,RUS,"banking,consumer_goods,government",,UNMAPPABLE: duplicate of existing registry event (LIKELY_DUP::v3='russia crimea annexation & western sanctions'),Low,UNMAPPABLE,no,none,expansion_excluded,https://www.stlouisfed.org/from-the-president/remarks/2026/productivity-growth-and-monetary-policy-iceland,
C10,Dot-com bubble burst,2000,USA,"electronics,telecommunications",,UNMAPPABLE: duplicate of existing registry event (LIKELY_DUP::v3='dot-com bubble collapse & us recession'),High,UNMAPPABLE,no,none,expansion_excluded,https://www.elibrary.imf.org/view/journals/001/2013/045/article-A001-en.xml,
C11,2003 SARS outbreak,2002,"CHN,SGP,TWN","aerospace,consumer_goods,electronics,shipping,tourism",,UNMAPPABLE: duplicate of existing registry event (LIKELY_DUP::v3='sars epidemic'),High,UNMAPPABLE,no,none,expansion_excluded,https://documents1.worldbank.org/curated/en/101511468028867410/pdf/wps4466.pdf,
C12,2003 Northeast Blackout,2003,"CAN,USA","consumer_goods,shipping,utilities",,UNMAPPABLE: no GDP%-of-output figure (money/physical units only),High,UNMAPPABLE,no,none,expansion_excluded,https://www.energy.gov/oe/electricity-101,
C13,2002 West Coast port lockout (ILWU-PMA),2002,,"agriculture,consumer_goods,electronics,shipping",,UNMAPPABLE: no GDP%-of-output figure (money/physical units only),High,UNMAPPABLE,no,none,expansion_excluded,https://www.sfu.ca/~pvhall/pdfs/pvhall_edq_2004.PDF,
C14,2006 Russia-Ukraine Gas Dispute Supply Cutoff,2006,"DEU,FRA,HUN,ITA,POL,ROU,UKR","consumer_goods,energy,shipping,utilities",,UNMAPPABLE: duplicate of existing registry event (LIKELY_DUP::v3='russia crimea annexation & western sanctions'),High,UNMAPPABLE,no,none,expansion_excluded,https://www.imf.org/en/news/articles/2015/09/28/04/53/pn075,
C15,2009 Eurozone Sovereign Debt Crisis (Greece) Onset,2009,GRC,"banking,government",,UNMAPPABLE: duplicate of existing registry event (LIKELY_DUP::v3='european sovereign debt crisis'),Medium,UNMAPPABLE,no,none,expansion_excluded,https://www.imf.org/en/news/articles/2026/05/14/cf-how-tax-administration-supported-greeces-economic-recovery,
C16,2001 Argentine economic crisis and sovereign default,2001,ARG,"banking,consumer_goods,government",,UNMAPPABLE: duplicate of existing registry event (LIKELY_DUP::v3='argentine sovereign default & currency crisis'),High,UNMAPPABLE,no,none,expansion_excluded,https://www.imf.org/external/np/fin/tad/extarr2.aspx?memberKey1=30&date1key=2001-12-31,
C17,2007 U.S. subprime mortgage crisis onset,2007,USA,"banking,electronics,utilities",,UNMAPPABLE: no GDP%-of-output figure (money/physical units only),High,UNMAPPABLE,no,none,expansion_excluded,https://fraser.stlouisfed.org/timeline/financial-crisis,
C18,2008 Global Financial Crisis (Lehman Brothers Collapse),2008,"DEU,FRA,GBR,HUN,ISL,JPN,USA","banking,electronics",,UNMAPPABLE: duplicate of existing registry event (LIKELY_DUP::v3='global financial crisis'),High,UNMAPPABLE,no,none,expansion_excluded,https://www.imf.org/external/pubs/ft/fandd/2008/12/collyns.htm,
C19,1999 Taiwan Chi-Chi Earthquake Semiconductor Disruption,1999,TWN,"consumer_goods,electronics",,UNMAPPABLE: duplicate of existing registry event (LIKELY_DUP::v3='global semiconductor chip shortage'),Low,UNMAPPABLE,no,none,expansion_excluded,https://www.britannica.com/event/Taiwan-earthquake-of-1999,
C20,2010 Deepwater Horizon Oil Spill,2010,USA,"agriculture,consumer_goods,electronics,energy,government,tourism",,UNMAPPABLE: GDP% present but wrong figure-type ('GDP keyword without usable % figure'),High,UNMAPPABLE,no,none,expansion_excluded,https://response.restoration.noaa.gov/deepwater-horizon-oil-spill-case-study,
C21,2004 Indian Ocean Tsunami (Boxing Day Tsunami),2004,"BGD,IDN,IND,KEN,LKA,MDV,MMR,MYS,SOM,SYC,THA,TZA","agriculture,banking,shipping,tourism,utilities",,UNMAPPABLE: duplicate of existing registry event (LIKELY_DUP::v3='indian ocean earthquake and tsunami'),High,UNMAPPABLE,no,none,expansion_excluded,https://documents1.worldbank.org/curated/en/732201468773057989/txt/313800IND0damage1assessment01public1.txt,
C22,2005 Hurricane Katrina Gulf Coast Energy and Refining Disruption,2005,,"electronics,energy,shipping",,UNMAPPABLE: duplicate of existing registry event (LIKELY_DUP::v3='hurricane katrina & rita'),High,UNMAPPABLE,no,none,expansion_excluded,https://www.energy.gov/hgeo/opr/history-spr-releases,
C23,2011 Fukushima nuclear disaster supply chain disruption,2011,JPN,"automotive,consumer_goods,electronics,energy",,"UNMAPPABLE: duplicate of existing registry event (LIKELY_DUP::v3='tōhoku earthquake, tsunami & fukushima nuclear crisis')",Medium,UNMAPPABLE,no,none,expansion_excluded,https://www.everycrsreport.com/reports/R41831.html,
C24,2011 Thailand floods,2011,THA,"agriculture,automotive,consumer_goods,electronics,shipping",,UNMAPPABLE: GDP% present but wrong figure-type ('12.6% of GDP'),High,UNMAPPABLE,no,none,expansion_excluded,https://documents1.worldbank.org/curated/en/099062723120515431/pdf/P179738001112b0950889d0dcc60289c10e.pdf,
C25,2014 Russia Annexation of Crimea Sanctions,2014,"RUS,UKR,USA","agriculture,banking,energy,shipping,telecommunications,tourism",,UNMAPPABLE: duplicate of existing registry event (LIKELY_DUP::v3='russia crimea annexation & western sanctions'),High,UNMAPPABLE,no,none,expansion_excluded,https://openknowledge.worldbank.org/entities/publication/1f9d0f8b-1e6d-50d3-8c59-74364f498661,
C26,2014-2016 Oil Price Collapse,2014,USA,"banking,consumer_goods,energy,shipping",,UNMAPPABLE: duplicate of existing registry event (LIKELY_DUP::v3='2014–2016 oil price collapse'),Medium,UNMAPPABLE,no,none,expansion_excluded,https://openknowledge.worldbank.org/entities/person/18b25906-9cb0-519d-95a9-8bfd4c5a3666,
C27,2011 Tōhoku earthquake and tsunami,2011,JPN,"automotive,consumer_goods,electronics,energy,shipping",,"UNMAPPABLE: duplicate of existing registry event (LIKELY_DUP::v3='tōhoku earthquake, tsunami & fukushima nuclear crisis')",Low,UNMAPPABLE,no,none,expansion_excluded,https://openknowledge.worldbank.org/entities/publication/3eaf9e51-8f55-4906-87d4-a60f85256daf,
C28,2010 Eyjafjallajökull Iceland volcanic ash aviation shutdown,2010,"BEL,DEU,ESP,FRA,GBR,IRL,ISL,NLD,NOR","aerospace,shipping,tourism",,UNMAPPABLE: no GDP%-of-output figure (money/physical units only),Low,UNMAPPABLE,no,none,expansion_excluded,https://transport.ec.europa.eu/transport-modes/air_en,
C29,2013 United States federal government shutdown,2013,USA,"government,tourism",,UNMAPPABLE: GDP% present but wrong figure-type ('GDP keyword without usable % figure'),High,UNMAPPABLE,no,none,expansion_excluded,https://www.cbo.gov/publication/44762,
C30,2012 Hurricane Sandy (Superstorm Sandy),2012,"JAM,PRI","banking,consumer_goods,electronics,energy,shipping,tourism,utilities",,UNMAPPABLE: no GDP%-of-output figure (money/physical units only),High,UNMAPPABLE,no,none,expansion_excluded,https://www.nature.com/articles/s41467-021-22838-1,
C31,2011 Libyan civil war oil supply disruption,2011,LBY,"electronics,energy",,UNMAPPABLE: GDP% present but wrong figure-type ('GDP keyword without usable % figure'),Low,UNMAPPABLE,no,none,expansion_excluded,https://www.eia.gov/international/data/country/LBY/petroleum-and-other-liquids/production,
C32,2015 Tianjin Port explosions,2015,CHN,"automotive,banking,consumer_goods,electronics,shipping,utilities",,UNMAPPABLE: no GDP%-of-output figure (money/physical units only),High,UNMAPPABLE,no,none,expansion_excluded,http://www.xinhuanet.com/english/2016-11/09/c_135817728.htm,
C33,2015 Volkswagen Dieselgate emissions scandal,2015,"DEU,USA",automotive,,UNMAPPABLE: GDP% present but wrong figure-type ('GDP keyword without usable % figure'),High,UNMAPPABLE,no,none,expansion_excluded,https://www.epa.gov/vw/learn-about-volkswagen-violations,
C34,Hurricane Harvey Texas petrochemical disruption,2017,USA,"consumer_goods,electronics,energy,shipping,utilities",,UNMAPPABLE: no GDP%-of-output figure (money/physical units only),Medium,UNMAPPABLE,no,none,expansion_excluded,https://coast.noaa.gov/states/fast-facts/hurricane-costs.html,
C35,2016 Brexit Referendum Market Shock,2016,"CAN,GBR,USA,ZAF","banking,electronics",,UNMAPPABLE: duplicate of existing registry event (LIKELY_DUP::v3='uk brexit referendum and departure'),Low,UNMAPPABLE,no,none,expansion_excluded,https://www.ecb.europa.eu/pub/research/publications/html/index.en.html,
C36,2017 Hurricane Maria Puerto Rico,2017,PRI,"agriculture,consumer_goods,shipping,telecommunications,tourism,utilities",,UNMAPPABLE: GDP% present but wrong figure-type ('60 percent of Puerto Rico’s GDP'),High,UNMAPPABLE,no,none,expansion_excluded,https://www.imf.org/en/blogs/articles/2020/02/19/blog-finding-solid-footing-for-the-global-economy,
C37,2016 Hanjin Shipping bankruptcy,2016,"CHN,JPN,KOR,USA","consumer_goods,electronics,shipping",,UNMAPPABLE: no GDP%-of-output figure (money/physical units only),Medium,UNMAPPABLE,no,none,expansion_excluded,https://www.wsj.com/articles/billions-in-cargo-remains-stranded-at-sea-1473285117,
C38,2015 China stock market crash,2015,CHN,"banking,electronics",,UNMAPPABLE: duplicate of existing registry event (LIKELY_DUP::v3='china stock market crash'),High,UNMAPPABLE,no,none,expansion_excluded,https://pmc.ncbi.nlm.nih.gov/articles/PMC7513187/,
C39,2017 WannaCry and NotPetya cyberattacks (Maersk),2017,"DEU,GBR,UKR,USA","banking,consumer_goods,electronics,shipping,tourism",,UNMAPPABLE: GDP% present but wrong figure-type ('GDP keyword without usable % figure'),Medium,UNMAPPABLE,no,none,expansion_excluded,https://www.nao.org.uk/reports/investigation-wannacry-cyber-attack-and-the-nhs/,
C40,2014–2016 West Africa Ebola outbreak,2014,,"agriculture,shipping,tourism",,UNMAPPABLE: GDP% present but wrong figure-type ('GDP keyword without usable % figure'),High,UNMAPPABLE,no,none,expansion_excluded,https://www.worldbank.org/en/news/press-release/2015/04/17/ebola-world-bank-group-provides-new-financing-to-help-guinea-liberia-sierra-leone-recover-from-ebola-emergency,
C41,2018 U.S.-China trade war tariffs,2018,"CHN,USA","agriculture,automotive,consumer_goods,electronics",,UNMAPPABLE: duplicate of existing registry event (LIKELY_DUP::v3='us–china trade war'),Medium,UNMAPPABLE,no,none,expansion_excluded,https://ustr.gov/issue-areas/enforcement/section-301-investigations/tariff-actions,
C42,2020 Beirut Port Explosion,2020,LBN,"consumer_goods,electronics,shipping,tourism,utilities",,UNMAPPABLE: no GDP%-of-output figure (money/physical units only),High,UNMAPPABLE,no,none,expansion_excluded,https://www.worldbank.org/ext/en/country/lebanon,
C43,2019 U.S.-China trade war escalation,2019,"CHN,USA","agriculture,consumer_goods,electronics,shipping",,UNMAPPABLE: duplicate of existing registry event (LIKELY_DUP::v3='us–china trade war'),Low,UNMAPPABLE,no,none,expansion_excluded,https://ustr.gov/issue-areas/enforcement/section-301-investigations/tariff-actions/2019-section-301-tariffs-china,
C44,2019 Saudi Aramco Abqaiq Drone Attack Oil Disruption,2019,SAU,energy,,UNMAPPABLE: GDP% present but wrong figure-type ('GDP keyword without usable % figure'),Medium,UNMAPPABLE,no,none,expansion_excluded,https://www.reuters.com/article/us-saudi-aramco-attacks-idUSKBN1WJ0N3,
C45,2020 Oil Price Crash and Negative WTI,2020,USA,"banking,energy,shipping",,UNMAPPABLE: GDP% present but wrong figure-type ('GDP keyword without usable % figure'),High,UNMAPPABLE,no,none,expansion_excluded,https://www.eia.gov/dnav/pet/hist/RWTCD.htm,
C46,2018 Turkish currency and debt crisis,2018,,"banking,consumer_goods,government,utilities",,UNMAPPABLE: GDP% present but wrong figure-type ('GDP keyword without usable % figure'),Low,UNMAPPABLE,no,none,expansion_excluded,https://www.ecb.europa.eu/stats/policy_and_exchange_rates/euro_reference_exchange_rates/html/eurofxref-graph-try.en.html,
C47,2021 Colonial Pipeline ransomware attack,2021,USA,"consumer_goods,energy,shipping",,UNMAPPABLE: no GDP%-of-output figure (money/physical units only),Medium,UNMAPPABLE,no,none,expansion_excluded,https://www.reuters.com/business/energy/colonial-pipeline-ramps-up-us-seeks-emerge-fuel-crunch-2021-05-14/,
C48,Boeing 737 MAX Grounding,2019,"CHN,USA","aerospace,consumer_goods",,UNMAPPABLE: GDP% present but wrong figure-type ('GDP keyword without usable % figure'),Medium,UNMAPPABLE,no,none,expansion_excluded,https://www.boeing.com/resources/boeingdotcom/company/general_info/pdf/boeing_annual_report_2019.pdf,
C49,COVID-19 Pandemic Global Lockdowns,2020,,"banking,consumer_goods,electronics,shipping,tourism",,UNMAPPABLE: duplicate of existing registry event (LIKELY_DUP::v3='covid-19 global pandemic'),High,UNMAPPABLE,no,none,expansion_excluded,https://www.imf.org/en/Publications/WEO/Issues/2020/06/24/WEOUpdateJune2020,
C50,2021 Suez Canal Ever Given blockage,2021,"EGY,IND,USA","consumer_goods,electronics,energy,shipping",,UNMAPPABLE: duplicate of existing registry event (LIKELY_DUP::v3='ever given suez canal blockage'),High,UNMAPPABLE,no,none,expansion_excluded,https://pmc.ncbi.nlm.nih.gov/articles/PMC11253719/,
C51,2021 Global Energy Crisis (Natural Gas Price Surge),2021,"DEU,ESP,GBR,ITA,NLD","consumer_goods,energy,shipping,utilities",,UNMAPPABLE: duplicate of existing registry event (LIKELY_DUP::v3='european natural gas & energy crisis'),Medium,UNMAPPABLE,no,none,expansion_excluded,https://economy-finance.ec.europa.eu/document/download/3360898c-cd40-46c0-b170-7adfcb993add_en?filename=ip341_en.pdf,
C52,2022 China Zero-COVID Shanghai Lockdown,2022,CHN,"automotive,banking,consumer_goods,electronics,shipping",,UNMAPPABLE: duplicate of existing registry event (LIKELY_DUP::v3='covid-19 global pandemic'),High,UNMAPPABLE,no,none,expansion_excluded,https://thedocs.worldbank.org/en/doc/9b7191d416b0dbfd7d36f1a935464ea0-0070012022/original/CEU-June-2022-EN.pdf,
C53,2022 European Energy Crisis (Gas Supply Cutoff),2022,,"banking,consumer_goods,energy,utilities",,UNMAPPABLE: duplicate of existing registry event (LIKELY_DUP::v3='european natural gas & energy crisis'),High,UNMAPPABLE,no,none,expansion_excluded,https://www.ecb.europa.eu/press/blog/date/2026/html/ecb.blog20260603~3015f38292.en.html,
C54,2022 Russian invasion of Ukraine and sanctions,2022,"RUS,UKR","agriculture,banking,electronics,energy,shipping",,UNMAPPABLE: duplicate of existing registry event (LIKELY_DUP::v3='russia crimea annexation & western sanctions'),High,UNMAPPABLE,no,none,expansion_excluded,https://ec.europa.eu/commission/presscorner/api/files/attachment/881067/Factsheet_EU_Sanctions_against_Russia_following_the_invasion_of_Ukraine.pdf,
C55,2021 Global Semiconductor Chip Shortage,2021,"DEU,JPN,KOR,TWN,USA","automotive,electronics",,UNMAPPABLE: duplicate of existing registry event (LIKELY_DUP::v3='global semiconductor chip shortage'),High,UNMAPPABLE,no,none,expansion_excluded,https://www.alixpartners.com/newsroom/press-release-shortages-related-to-semiconductors-to-cost-the-auto-industry-210-billion-in-revenues-this-year-says-new-alixpartners-forecast/,
C56,2022 Nord Stream pipeline sabotage,2022,DEU,"consumer_goods,electronics,energy,utilities",,UNMAPPABLE: duplicate of existing registry event (LIKELY_DUP::v3='2022 russia gas nord stream pipeline sabotage'),Medium,UNMAPPABLE,no,none,expansion_excluded,https://economy-finance.ec.europa.eu/economic-forecast-and-surveys/economic-forecasts/spring-2026-economic-forecast-slowdown-growth-energy-shock-drives-inflation/eu-energy-markets-evolving-gas-electricity-price-linkages-more-volatile-system_en,
C57,2021 Texas Winter Storm Uri Power Crisis,2021,USA,"agriculture,energy,utilities",,UNMAPPABLE: GDP% present but wrong figure-type ('GDP loss: oil and gas extraction 18%'),High,UNMAPPABLE,no,none,expansion_excluded,https://sciencecouncil.noaa.gov/noaa-by-the-numbers/winter-weather/,
C58,2022 UK gilt market crisis (mini-budget),2022,GBR,"banking,electronics,government",,UNMAPPABLE: no GDP%-of-output figure (money/physical units only),High,UNMAPPABLE,no,none,expansion_excluded,https://www.bankofengland.co.uk/quarterly-bulletin/2023/2023/financial-stability-buy-sell-tools-a-gilt-market-case-study,
C59,2021 China Evergrande Debt Crisis,2021,"CHN,HKG","banking,consumer_goods,utilities",,UNMAPPABLE: duplicate of existing registry event (LIKELY_DUP::v3='china real estate & evergrande crisis'),Medium,UNMAPPABLE,no,none,expansion_excluded,https://www.bloomberg.com/news/articles/2021-09-01/evergrande-s-falling-debt-masks-dues-swelling-over-300-billion,
C60,2023 Panama Canal drought shipping restrictions,2023,PAN,"electronics,shipping",,UNMAPPABLE: duplicate of existing registry event (LIKELY_DUP::v3='panama canal drought & traffic restrictions'),High,UNMAPPABLE,no,none,expansion_excluded,https://pancanal.com/agua/,
C61,2023 Turkey–Syria earthquakes,2023,SYR,"agriculture,consumer_goods,shipping,utilities",,UNMAPPABLE: no GDP%-of-output figure (money/physical units only),High,UNMAPPABLE,no,none,expansion_excluded,https://www.worldbank.org/ext/en/country/turkey,
C62,Silicon Valley Bank collapse,2023,USA,"banking,electronics",,UNMAPPABLE: GDP% present but wrong figure-type ('GDP keyword without usable % figure'),High,UNMAPPABLE,no,none,expansion_excluded,https://www.imf.org/-/media/files/publications/wp/2026/english/wpiea2026094-source-pdf.pdf,
C63,2023 Credit Suisse Collapse and UBS Takeover,2023,CHE,banking,,UNMAPPABLE: GDP% present but wrong figure-type ('20% of Swiss GDP'),High,UNMAPPABLE,no,none,expansion_excluded,https://www.imf.org/-/media/files/publications/wp/2026/english/wpiea2026094-source-pdf.pdf,
C64,2024 Baltimore Key Bridge Collapse Port Closure,2024,USA,"electronics,shipping",,UNMAPPABLE: GDP% present but wrong figure-type ('13% of Maryland’s GDP'),High,UNMAPPABLE,no,none,expansion_excluded,https://governor.maryland.gov/news/press-releases/governor-moore-commemorates-two-year-anniversary-francis-scott-key-bridge-collapse,
C65,2024 Noto Peninsula Earthquake,2024,JPN,"agriculture,consumer_goods,shipping,tourism,utilities",,UNMAPPABLE: no GDP%-of-output figure (money/physical units only),High,UNMAPPABLE,no,none,expansion_excluded,https://english.kyodonews.net/articles/-/45382,
C66,2022 Global Food Price Crisis (Grain Export Disruption),2022,"RUS,UKR","agriculture,electronics,shipping",,UNMAPPABLE: duplicate of existing registry event (LIKELY_DUP::v3='global food & energy crisis (post-covid / ukraine)'),High,UNMAPPABLE,no,none,expansion_excluded,https://www.fao.org/worldfoodsituation/foodpricesindex/en/,
C67,2024 Hualien earthquake,2024,TWN,"electronics,shipping,tourism",,UNMAPPABLE: no GDP%-of-output figure (money/physical units only),High,UNMAPPABLE,no,none,expansion_excluded,https://www.motc.gov.tw/ch/app/news_list/view?module=news&id=14&serno=0de5e5d1-8a27-4024-9cf9-d54949094966,
C68,2023 US Debt Ceiling Standoff,2023,USA,"banking,electronics",,UNMAPPABLE: GDP% present but wrong figure-type ('GDP keyword without usable % figure'),Low,UNMAPPABLE,no,none,expansion_excluded,https://www.congress.gov/bill/118th-congress/house-bill/3746/text,
C69,2025 U.S. Reciprocal Tariff Policy,2025,"CAN,CHN,JPN,KOR,MEX,TWN,USA","agriculture,automotive,consumer_goods,shipping",,"UNMAPPABLE: duplicate of existing registry event (LIKELY_DUP::v3='trump 2025 ""liberation day"" tariffs & trade war')",Low,UNMAPPABLE,no,none,expansion_excluded,https://ustr.gov/about/policy-offices/press-office/press-releases/2026/may/ambassador-jamieson-greer-trade-theory-must-catch-tariffs-industrial-policy-and-costs-globalization,
C70,1996 Mad Cow Disease (BSE) UK Beef Crisis,1996,GBR,"agriculture,shipping",,UNMAPPABLE: GDP% present but wrong figure-type ('GDP growth was 2.4%'),Low,UNMAPPABLE,no,none,expansion_excluded,https://www.gov.uk/government/publications/multi-annual-national-control-plan-mancp/multi-annual-national-control-plan-for-great-britain-2026-to-2030,
C71,Sri Lanka economic crisis and sovereign debt default,2022,LKA,"agriculture,banking,consumer_goods,energy,government,shipping,tourism",,UNMAPPABLE: duplicate of existing registry event (LIKELY_DUP::v3='sri lanka sovereign default & economic collapse'),High,UNMAPPABLE,no,none,expansion_excluded,https://thedocs.worldbank.org/en/doc/c05c262a4523099a8023c174b0beccbe-0340012023/original/Case-Study-Sri-Lanka-interest-rate-fixings.pdf,
C72,1991 Soviet Union Dissolution Economic Collapse,1991,"RUS,UKR","agriculture,banking,energy,shipping",,UNMAPPABLE: GDP% present but wrong figure-type ('GDP declines of -46.7%'),High,UNMAPPABLE,no,none,expansion_excluded,https://www.elibrary.imf.org/display/book/9781557755186/ch02.xml,
C73,1993 World Trade Center bombing,1993,USA,"banking,government,shipping",,UNMAPPABLE: no GDP%-of-output figure (money/physical units only),High,UNMAPPABLE,no,none,expansion_excluded,https://legistar.council.nyc.gov/LegislationDetail.aspx?ID=439696&GUID=F877FD80-1027-42A0-8352-8CB5CCD16D90&Options=&Search=,
C74,2024 CrowdStrike Global IT Outage,2024,"AUS,CAN,GBR,USA","aerospace,banking,consumer_goods,electronics,shipping,tourism",,UNMAPPABLE: no GDP%-of-output figure (money/physical units only),High,UNMAPPABLE,no,none,expansion_excluded,https://www.parametrixinsurance.com/reports-white-papers/crowdstrikes-impact-on-the-fortune-500,
C75,Hurricane Rita,2005,USA,"energy,utilities",,UNMAPPABLE: no GDP%-of-output figure (money/physical units only),High,UNMAPPABLE,no,none,expansion_excluded,https://www.nhc.noaa.gov/data/tcr/AL182005_Rita.pdf,
C76,2008 Wenchuan earthquake,2008,CHN,"banking,consumer_goods,government,shipping,tourism,utilities",,UNMAPPABLE: GDP% present but wrong figure-type ('GDP keyword without usable % figure'),High,UNMAPPABLE,no,none,expansion_excluded,https://www.britannica.com/event/Sichuan-earthquake-of-2008,
C77,2011 United States debt-ceiling crisis and Standard & Poor's downgrade,2011,USA,"banking,electronics,government",,UNMAPPABLE: no GDP%-of-output figure (money/physical units only),High,UNMAPPABLE,no,none,expansion_excluded,https://home.treasury.gov/system/files/276/POTENTIAL-MACROECONOMIC-IMPACT-OF-DEBT-CEILING-BRINKMANSHIP.pdf,
C78,2010 Greece First Bailout Sovereign Debt Crisis,2010,GRC,"banking,government",,UNMAPPABLE: duplicate of existing registry event (LIKELY_DUP::v3='european sovereign debt crisis'),High,UNMAPPABLE,no,none,expansion_excluded,https://www.imf.org/external/np/fin/tad/extarr2.aspx?memberKey1=360&date1key=2022-05-31,
C79,2024 Red Sea Houthi Shipping Attacks,2023,"EGY,ISR,JOR,SAU,YEM","banking,electronics,energy,shipping",,UNMAPPABLE: duplicate of existing registry event (LIKELY_DUP::v3='red sea houthi attacks / shipping crisis'),Medium,UNMAPPABLE,no,none,expansion_excluded,https://www.maersk.com/stay-ahead,
C80,2012 U.S. Midwest drought (corn and soybean crop shock),2012,USA,"agriculture,energy",,UNMAPPABLE: GDP% present but wrong figure-type ('GDP keyword without usable % figure'),High,UNMAPPABLE,no,none,expansion_excluded,https://www.bea.gov/help/faq/1012,
C81,2019 California PG&E Public Safety Power Shutoffs,2019,USA,"consumer_goods,electronics,shipping,telecommunications,tourism,utilities",,UNMAPPABLE: GDP% present but wrong figure-type ('GDP keyword without usable % figure'),Low,UNMAPPABLE,no,none,expansion_excluded,https://www.cpuc.ca.gov/psps/,
C82,2014 Ukraine Conflict Donbas Economic Disruption,2014,UKR,"agriculture,banking,consumer_goods,utilities",,UNMAPPABLE: duplicate of existing registry event (LIKELY_DUP::v3='russia invasion of ukraine & global sanctions'),High,UNMAPPABLE,no,none,expansion_excluded,https://www.imf.org/external/pubs/ft/scr/2014/cr14263.pdf,
C83,2023 Maui wildfires,2023,USA,"shipping,tourism,utilities",,UNMAPPABLE: no GDP%-of-output figure (money/physical units only),High,UNMAPPABLE,no,none,expansion_excluded,https://www.fema.gov/disaster/4724,
C84,2018 Camp Fire,2018,USA,"banking,consumer_goods,government,tourism,utilities",,UNMAPPABLE: no GDP%-of-output figure (money/physical units only),High,UNMAPPABLE,no,none,expansion_excluded,https://www.fire.ca.gov/incidents/2018/11/8/camp-fire/,
C85,"Hurricane Helene and Hurricane Milton (U.S. Southeast, 2024)",2024,USA,"agriculture,banking,consumer_goods,government,shipping,tourism",,UNMAPPABLE: no GDP%-of-output figure (money/physical units only),High,UNMAPPABLE,no,none,expansion_excluded,https://coast.noaa.gov/states/fast-facts/hurricane-costs.html,
C86,2013 Cyprus Banking Crisis and Bail-in,2013,CYP,"banking,electronics,tourism",,UNMAPPABLE: GDP% present but wrong figure-type ('GDP keyword without usable % figure'),Low,UNMAPPABLE,no,none,expansion_excluded,https://www.imf.org/en/publications/wp/issues/2026/05/14/systemic-banking-crises-database-1970-2025-576036,
C87,2002 Argentine peso devaluation and corralito crisis,2001,ARG,"banking,electronics",,UNMAPPABLE: duplicate of existing registry event (LIKELY_DUP::v3='argentine sovereign default & currency crisis'),Low,UNMAPPABLE,no,none,expansion_excluded,https://www.imf.org/external/np/fin/tad/extarr2.aspx?memberKey1=30&date1key=2000-03-31,
C88,2021 Brazil drought energy and crop crisis,2021,BRA,"agriculture,electronics,utilities",,UNMAPPABLE: GDP% present but wrong figure-type ('GDP keyword without usable % figure'),Low,UNMAPPABLE,no,none,expansion_excluded,https://www.worldbank.org/ext/en/topic/water,
C89,2020 Australia Black Summer Bushfires,2019,AUS,"agriculture,banking,tourism",,UNMAPPABLE: GDP% present but wrong figure-type ('GDP keyword without usable % figure'),Medium,UNMAPPABLE,no,none,expansion_excluded,https://www.nema.gov.au/our-work/disaster-recovery/2019-20-black-summer-bushfires,
C90,2016 Fort McMurray Wildfire (Horse River wildfire),2016,CAN,"banking,energy,shipping,utilities",,UNMAPPABLE: no GDP%-of-output figure (money/physical units only),High,UNMAPPABLE,no,none,expansion_excluded,https://www.canada.ca/en/public-safety-canada/news/2026/05/breakdown-of-disaster-financial-assistance-arrangements-payments-for-the-2016-fort-mcmurray-wildfires.html,
