source_iso3,source_industry,target_iso3,target_industry,industry,dependency_weight,flow_value_usd,hs_codes,n_hs_codes,source_urls,period
CHN,electronics,JPN,electronics,electronics,0.7477,33917878580.3,8471;8517;8528,3,https://comtrade.un.org/data/?r=JPN&p=all&px=HS&cc=8471&y=2019;https://comtrade.un.org/data/?r=JPN&p=all&px=HS&cc=8517&y=2019;https://comtrade.un.org/data/?r=JPN&p=all&px=HS&cc=8528&y=2019,2019
CHN,electronics,TWN,electronics,electronics,0.7391,7267792626.61,8471;8517;8528,3,https://comtrade.un.org/data/?r=TWN&p=all&px=HS&cc=8471&y=2019;https://comtrade.un.org/data/?r=TWN&p=all&px=HS&cc=8517&y=2019;https://comtrade.un.org/data/?r=TWN&p=all&px=HS&cc=8528&y=2019,2019
CHN,electronics,THA,electronics,electronics,0.6064,7196828659.58,8471;8517;8528,3,https://comtrade.un.org/data/?r=THA&p=all&px=HS&cc=8471&y=2019;https://comtrade.un.org/data/?r=THA&p=all&px=HS&cc=8517&y=2019;https://comtrade.un.org/data/?r=THA&p=all&px=HS&cc=8528&y=2019,2019
CHN,electronics,VNM,electronics,electronics,0.5552,10639606820.33,8471;8517;8528,3,https://comtrade.un.org/data/?r=VNM&p=all&px=HS&cc=8471&y=2019;https://comtrade.un.org/data/?r=VNM&p=all&px=HS&cc=8517&y=2019;https://comtrade.un.org/data/?r=VNM&p=all&px=HS&cc=8528&y=2019,2019
CHN,electronics,MEX,electronics,electronics,0.5452,14492365680.0,8471;8517;8528,3,https://comtrade.un.org/data/?r=MEX&p=all&px=HS&cc=8471&y=2019;https://comtrade.un.org/data/?r=MEX&p=all&px=HS&cc=8517&y=2019;https://comtrade.un.org/data/?r=MEX&p=all&px=HS&cc=8528&y=2019,2019
CHN,electronics,USA,electronics,electronics,0.5411,117377305036.0,8471;8517;8528,3,https://comtrade.un.org/data/?r=USA&p=all&px=HS&cc=8471&y=2019;https://comtrade.un.org/data/?r=USA&p=all&px=HS&cc=8517&y=2019;https://comtrade.un.org/data/?r=USA&p=all&px=HS&cc=8528&y=2019,2019
CHN,electronics,KOR,electronics,electronics,0.5336,11305692226.0,8471;8517;8528,3,https://comtrade.un.org/data/?r=KOR&p=all&px=HS&cc=8471&y=2019;https://comtrade.un.org/data/?r=KOR&p=all&px=HS&cc=8517&y=2019;https://comtrade.un.org/data/?r=KOR&p=all&px=HS&cc=8528&y=2019,2019
USA,automotive,MEX,automotive,automotive,0.486,19011552540.0,8703;8704;8708,3,https://comtrade.un.org/data/?r=MEX&p=all&px=HS&cc=8703&y=2019;https://comtrade.un.org/data/?r=MEX&p=all&px=HS&cc=8704&y=2019;https://comtrade.un.org/data/?r=MEX&p=all&px=HS&cc=8708&y=2019,2019
CHN,electronics,DEU,electronics,electronics,0.4826,25794905234.91,8471;8517;8528,3,https://comtrade.un.org/data/?r=DEU&p=all&px=HS&cc=8471&y=2019;https://comtrade.un.org/data/?r=DEU&p=all&px=HS&cc=8517&y=2019;https://comtrade.un.org/data/?r=DEU&p=all&px=HS&cc=8528&y=2019,2019
CHN,electronics,MYS,electronics,electronics,0.4786,3456279018.93,8471;8517;8528,3,https://comtrade.un.org/data/?r=MYS&p=all&px=HS&cc=8471&y=2019;https://comtrade.un.org/data/?r=MYS&p=all&px=HS&cc=8517&y=2019;https://comtrade.un.org/data/?r=MYS&p=all&px=HS&cc=8528&y=2019,2019
CHN,electronics,IND,electronics,electronics,0.4344,9688881484.38,8471;8517;8528,3,https://comtrade.un.org/data/?r=IND&p=all&px=HS&cc=8471&y=2019;https://comtrade.un.org/data/?r=IND&p=all&px=HS&cc=8517&y=2019;https://comtrade.un.org/data/?r=IND&p=all&px=HS&cc=8528&y=2019,2019
S19,semiconductors,JPN,semiconductors,semiconductors,0.4322,10141926697.13,8541;8542,2,https://comtrade.un.org/data/?r=JPN&p=all&px=HS&cc=8541&y=2019;https://comtrade.un.org/data/?r=JPN&p=all&px=HS&cc=8542&y=2019,2019
MYS,semiconductors,USA,semiconductors,semiconductors,0.422,18736376250.0,8541;8542,2,https://comtrade.un.org/data/?r=USA&p=all&px=HS&cc=8541&y=2019;https://comtrade.un.org/data/?r=USA&p=all&px=HS&cc=8542&y=2019,2019
CHN,semiconductors,IND,semiconductors,semiconductors,0.4183,5597224531.37,8541;8542,2,https://comtrade.un.org/data/?r=IND&p=all&px=HS&cc=8541&y=2019;https://comtrade.un.org/data/?r=IND&p=all&px=HS&cc=8542&y=2019,2019
CHN,semiconductors,KOR,semiconductors,semiconductors,0.409,16646898353.0,8541;8542,2,https://comtrade.un.org/data/?r=KOR&p=all&px=HS&cc=8541&y=2019;https://comtrade.un.org/data/?r=KOR&p=all&px=HS&cc=8542&y=2019,2019
DEU,automotive,KOR,automotive,automotive,0.3842,5888002012.0,8703;8704;8708,3,https://comtrade.un.org/data/?r=KOR&p=all&px=HS&cc=8703&y=2019;https://comtrade.un.org/data/?r=KOR&p=all&px=HS&cc=8704&y=2019;https://comtrade.un.org/data/?r=KOR&p=all&px=HS&cc=8708&y=2019,2019
KOR,electronics,VNM,electronics,electronics,0.382,6095151235.51,8517,1,https://comtrade.un.org/data/?r=VNM&p=all&px=HS&cc=8517&y=2019,2019
JPN,automotive,THA,automotive,automotive,0.3753,3198340530.56,8703;8704;8708,3,https://comtrade.un.org/data/?r=THA&p=all&px=HS&cc=8703&y=2019;https://comtrade.un.org/data/?r=THA&p=all&px=HS&cc=8704&y=2019;https://comtrade.un.org/data/?r=THA&p=all&px=HS&cc=8708&y=2019,2019
CHN,electronics,NLD,electronics,electronics,0.375,15306823005.38,8471;8517;8528,3,https://comtrade.un.org/data/?r=NLD&p=all&px=HS&cc=8471&y=2019;https://comtrade.un.org/data/?r=NLD&p=all&px=HS&cc=8517&y=2019;https://comtrade.un.org/data/?r=NLD&p=all&px=HS&cc=8528&y=2019,2019
CHN,automotive,JPN,automotive,automotive,0.3707,3014538201.78,8708,1,https://comtrade.un.org/data/?r=JPN&p=all&px=HS&cc=8708&y=2019,2019
JPN,automotive,TWN,automotive,automotive,0.3682,2665379132.59,8703;8704;8708,3,https://comtrade.un.org/data/?r=TWN&p=all&px=HS&cc=8703&y=2019;https://comtrade.un.org/data/?r=TWN&p=all&px=HS&cc=8704&y=2019;https://comtrade.un.org/data/?r=TWN&p=all&px=HS&cc=8708&y=2019,2019
THA,automotive,VNM,automotive,automotive,0.3669,1841631785.15,8703;8704;8708,3,https://comtrade.un.org/data/?r=VNM&p=all&px=HS&cc=8703&y=2019;https://comtrade.un.org/data/?r=VNM&p=all&px=HS&cc=8704&y=2019;https://comtrade.un.org/data/?r=VNM&p=all&px=HS&cc=8708&y=2019,2019
CHN,electronics,CHN,electronics,electronics,0.3535,26149528951.0,8471;8517;8528,3,https://comtrade.un.org/data/?r=CHN&p=all&px=HS&cc=8471&y=2019;https://comtrade.un.org/data/?r=CHN&p=all&px=HS&cc=8517&y=2019;https://comtrade.un.org/data/?r=CHN&p=all&px=HS&cc=8528&y=2019,2019
DEU,automotive,NLD,automotive,automotive,0.3527,7490031548.98,8703;8704;8708,3,https://comtrade.un.org/data/?r=NLD&p=all&px=HS&cc=8703&y=2019;https://comtrade.un.org/data/?r=NLD&p=all&px=HS&cc=8704&y=2019;https://comtrade.un.org/data/?r=NLD&p=all&px=HS&cc=8708&y=2019,2019
SGP,automotive,THA,automotive,automotive,0.346,87255635.73,8704,1,https://comtrade.un.org/data/?r=THA&p=all&px=HS&cc=8704&y=2019,2019
BRA,automotive,IND,automotive,automotive,0.3447,22258735.45,8704,1,https://comtrade.un.org/data/?r=IND&p=all&px=HS&cc=8704&y=2019,2019
KOR,semiconductors,VNM,semiconductors,semiconductors,0.344,12098583242.76,8541;8542,2,https://comtrade.un.org/data/?r=VNM&p=all&px=HS&cc=8541&y=2019;https://comtrade.un.org/data/?r=VNM&p=all&px=HS&cc=8542&y=2019,2019
MYS,semiconductors,MEX,semiconductors,semiconductors,0.3401,8375382787.0,8541;8542,2,https://comtrade.un.org/data/?r=MEX&p=all&px=HS&cc=8541&y=2019;https://comtrade.un.org/data/?r=MEX&p=all&px=HS&cc=8542&y=2019,2019
MEX,automotive,USA,automotive,automotive,0.3192,90077348859.0,8703;8704;8708,3,https://comtrade.un.org/data/?r=USA&p=all&px=HS&cc=8703&y=2019;https://comtrade.un.org/data/?r=USA&p=all&px=HS&cc=8704&y=2019;https://comtrade.un.org/data/?r=USA&p=all&px=HS&cc=8708&y=2019,2019
S19,semiconductors,CHN,semiconductors,semiconductors,0.3102,103143750904.0,8541;8542,2,https://comtrade.un.org/data/?r=CHN&p=all&px=HS&cc=8541&y=2019;https://comtrade.un.org/data/?r=CHN&p=all&px=HS&cc=8542&y=2019,2019
DEU,automotive,CHN,automotive,automotive,0.3061,22474260405.0,8703;8704;8708,3,https://comtrade.un.org/data/?r=CHN&p=all&px=HS&cc=8703&y=2019;https://comtrade.un.org/data/?r=CHN&p=all&px=HS&cc=8704&y=2019;https://comtrade.un.org/data/?r=CHN&p=all&px=HS&cc=8708&y=2019,2019
DEU,automotive,JPN,automotive,automotive,0.2969,6152524194.02,8703;8704;8708,3,https://comtrade.un.org/data/?r=JPN&p=all&px=HS&cc=8703&y=2019;https://comtrade.un.org/data/?r=JPN&p=all&px=HS&cc=8704&y=2019;https://comtrade.un.org/data/?r=JPN&p=all&px=HS&cc=8708&y=2019,2019
CHN,automotive,KOR,automotive,automotive,0.2882,1214310031.0,8704;8708,2,https://comtrade.un.org/data/?r=KOR&p=all&px=HS&cc=8704&y=2019;https://comtrade.un.org/data/?r=KOR&p=all&px=HS&cc=8708&y=2019,2019
VNM,electronics,KOR,electronics,electronics,0.2851,6039964077.0,8471;8517;8528,3,https://comtrade.un.org/data/?r=KOR&p=all&px=HS&cc=8471&y=2019;https://comtrade.un.org/data/?r=KOR&p=all&px=HS&cc=8517&y=2019;https://comtrade.un.org/data/?r=KOR&p=all&px=HS&cc=8528&y=2019,2019
JPN,automotive,MYS,automotive,automotive,0.2847,1582264399.86,8703;8704;8708,3,https://comtrade.un.org/data/?r=MYS&p=all&px=HS&cc=8703&y=2019;https://comtrade.un.org/data/?r=MYS&p=all&px=HS&cc=8704&y=2019;https://comtrade.un.org/data/?r=MYS&p=all&px=HS&cc=8708&y=2019,2019
HKG,semiconductors,IND,semiconductors,semiconductors,0.2817,3769617910.48,8541;8542,2,https://comtrade.un.org/data/?r=IND&p=all&px=HS&cc=8541&y=2019;https://comtrade.un.org/data/?r=IND&p=all&px=HS&cc=8542&y=2019,2019
VNM,electronics,CHN,electronics,electronics,0.2754,11742585932.0,8517,1,https://comtrade.un.org/data/?r=CHN&p=all&px=HS&cc=8517&y=2019,2019
S19,semiconductors,THA,semiconductors,semiconductors,0.2668,3508603196.49,8541;8542,2,https://comtrade.un.org/data/?r=THA&p=all&px=HS&cc=8541&y=2019;https://comtrade.un.org/data/?r=THA&p=all&px=HS&cc=8542&y=2019,2019
CHN,semiconductors,TWN,semiconductors,semiconductors,0.2667,14969696258.41,8541;8542,2,https://comtrade.un.org/data/?r=TWN&p=all&px=HS&cc=8541&y=2019;https://comtrade.un.org/data/?r=TWN&p=all&px=HS&cc=8542&y=2019,2019
DEU,electronics,CHN,electronics,electronics,0.2649,208239378.0,8528,1,https://comtrade.un.org/data/?r=CHN&p=all&px=HS&cc=8528&y=2019,2019
MYS,semiconductors,NLD,semiconductors,semiconductors,0.2623,4236276433.34,8541;8542,2,https://comtrade.un.org/data/?r=NLD&p=all&px=HS&cc=8541&y=2019;https://comtrade.un.org/data/?r=NLD&p=all&px=HS&cc=8542&y=2019,2019
THA,automotive,MYS,automotive,automotive,0.2574,1430284796.87,8703;8704;8708,3,https://comtrade.un.org/data/?r=MYS&p=all&px=HS&cc=8703&y=2019;https://comtrade.un.org/data/?r=MYS&p=all&px=HS&cc=8704&y=2019;https://comtrade.un.org/data/?r=MYS&p=all&px=HS&cc=8708&y=2019,2019
SWE,automotive,IND,automotive,automotive,0.2534,56181985.24,8703,1,https://comtrade.un.org/data/?r=IND&p=all&px=HS&cc=8703&y=2019,2019
S19,semiconductors,MYS,semiconductors,semiconductors,0.2496,8727958570.36,8541;8542,2,https://comtrade.un.org/data/?r=MYS&p=all&px=HS&cc=8541&y=2019;https://comtrade.un.org/data/?r=MYS&p=all&px=HS&cc=8542&y=2019,2019
JPN,automotive,CHN,automotive,automotive,0.2457,17764303725.0,8703;8708,2,https://comtrade.un.org/data/?r=CHN&p=all&px=HS&cc=8703&y=2019;https://comtrade.un.org/data/?r=CHN&p=all&px=HS&cc=8708&y=2019,2019
CHN,automotive,TWN,automotive,automotive,0.2436,373225516.23,8708,1,https://comtrade.un.org/data/?r=TWN&p=all&px=HS&cc=8708&y=2019,2019
KOR,automotive,VNM,automotive,automotive,0.2367,713614683.09,8704;8708,2,https://comtrade.un.org/data/?r=VNM&p=all&px=HS&cc=8704&y=2019;https://comtrade.un.org/data/?r=VNM&p=all&px=HS&cc=8708&y=2019,2019
S19,semiconductors,KOR,semiconductors,semiconductors,0.2327,9471567979.0,8541;8542,2,https://comtrade.un.org/data/?r=KOR&p=all&px=HS&cc=8541&y=2019;https://comtrade.un.org/data/?r=KOR&p=all&px=HS&cc=8542&y=2019,2019
BEL,automotive,NLD,automotive,automotive,0.2209,4690937950.06,8703;8704;8708,3,https://comtrade.un.org/data/?r=NLD&p=all&px=HS&cc=8703&y=2019;https://comtrade.un.org/data/?r=NLD&p=all&px=HS&cc=8704&y=2019;https://comtrade.un.org/data/?r=NLD&p=all&px=HS&cc=8708&y=2019,2019
DEU,automotive,TWN,automotive,automotive,0.2185,1581839558.41,8703;8704;8708,3,https://comtrade.un.org/data/?r=TWN&p=all&px=HS&cc=8703&y=2019;https://comtrade.un.org/data/?r=TWN&p=all&px=HS&cc=8704&y=2019;https://comtrade.un.org/data/?r=TWN&p=all&px=HS&cc=8708&y=2019,2019
KOR,automotive,IND,automotive,automotive,0.2115,886116892.13,8708,1,https://comtrade.un.org/data/?r=IND&p=all&px=HS&cc=8708&y=2019,2019
MEX,electronics,USA,electronics,electronics,0.2071,44921891431.0,8471;8517;8528,3,https://comtrade.un.org/data/?r=USA&p=all&px=HS&cc=8471&y=2019;https://comtrade.un.org/data/?r=USA&p=all&px=HS&cc=8517&y=2019;https://comtrade.un.org/data/?r=USA&p=all&px=HS&cc=8528&y=2019,2019
DEU,automotive,MYS,automotive,automotive,0.2041,958366566.3,8703;8708,2,https://comtrade.un.org/data/?r=MYS&p=all&px=HS&cc=8703&y=2019;https://comtrade.un.org/data/?r=MYS&p=all&px=HS&cc=8708&y=2019,2019
IDN,electronics,VNM,electronics,electronics,0.1969,230918293.14,8528,1,https://comtrade.un.org/data/?r=VNM&p=all&px=HS&cc=8528&y=2019,2019
KOR,semiconductors,CHN,semiconductors,semiconductors,0.1956,65035604256.0,8541;8542,2,https://comtrade.un.org/data/?r=CHN&p=all&px=HS&cc=8541&y=2019;https://comtrade.un.org/data/?r=CHN&p=all&px=HS&cc=8542&y=2019,2019
CHN,semiconductors,JPN,semiconductors,semiconductors,0.188,4412095549.06,8541;8542,2,https://comtrade.un.org/data/?r=JPN&p=all&px=HS&cc=8541&y=2019;https://comtrade.un.org/data/?r=JPN&p=all&px=HS&cc=8542&y=2019,2019
CAN,automotive,USA,automotive,automotive,0.1806,50982291107.0,8703;8704;8708,3,https://comtrade.un.org/data/?r=USA&p=all&px=HS&cc=8703&y=2019;https://comtrade.un.org/data/?r=USA&p=all&px=HS&cc=8704&y=2019;https://comtrade.un.org/data/?r=USA&p=all&px=HS&cc=8708&y=2019,2019
CHN,automotive,IND,automotive,automotive,0.1786,760066762.59,8704;8708,2,https://comtrade.un.org/data/?r=IND&p=all&px=HS&cc=8704&y=2019;https://comtrade.un.org/data/?r=IND&p=all&px=HS&cc=8708&y=2019,2019
MYS,automotive,THA,automotive,automotive,0.1782,278464280.59,8703,1,https://comtrade.un.org/data/?r=THA&p=all&px=HS&cc=8703&y=2019,2019
CHN,semiconductors,MEX,semiconductors,semiconductors,0.1738,4278733774.0,8541;8542,2,https://comtrade.un.org/data/?r=MEX&p=all&px=HS&cc=8541&y=2019;https://comtrade.un.org/data/?r=MEX&p=all&px=HS&cc=8542&y=2019,2019
DEU,semiconductors,NLD,semiconductors,semiconductors,0.1726,2788100432.22,8541;8542,2,https://comtrade.un.org/data/?r=NLD&p=all&px=HS&cc=8541&y=2019;https://comtrade.un.org/data/?r=NLD&p=all&px=HS&cc=8542&y=2019,2019
JPN,semiconductors,THA,semiconductors,semiconductors,0.171,2248407660.75,8541;8542,2,https://comtrade.un.org/data/?r=THA&p=all&px=HS&cc=8541&y=2019;https://comtrade.un.org/data/?r=THA&p=all&px=HS&cc=8542&y=2019,2019
JPN,automotive,USA,automotive,automotive,0.1709,48233494010.0,8703;8704;8708,3,https://comtrade.un.org/data/?r=USA&p=all&px=HS&cc=8703&y=2019;https://comtrade.un.org/data/?r=USA&p=all&px=HS&cc=8704&y=2019;https://comtrade.un.org/data/?r=USA&p=all&px=HS&cc=8708&y=2019,2019
MYS,electronics,VNM,electronics,electronics,0.1696,544081851.17,8471;8528,2,https://comtrade.un.org/data/?r=VNM&p=all&px=HS&cc=8471&y=2019;https://comtrade.un.org/data/?r=VNM&p=all&px=HS&cc=8528&y=2019,2019
HKG,electronics,IND,electronics,electronics,0.1669,3722141469.27,8471;8517;8528,3,https://comtrade.un.org/data/?r=IND&p=all&px=HS&cc=8471&y=2019;https://comtrade.un.org/data/?r=IND&p=all&px=HS&cc=8517&y=2019;https://comtrade.un.org/data/?r=IND&p=all&px=HS&cc=8528&y=2019,2019
VNM,electronics,IND,electronics,electronics,0.166,2577202805.98,8517;8528,2,https://comtrade.un.org/data/?r=IND&p=all&px=HS&cc=8517&y=2019;https://comtrade.un.org/data/?r=IND&p=all&px=HS&cc=8528&y=2019,2019
FIN,automotive,IND,automotive,automotive,0.1629,10521129.05,8704,1,https://comtrade.un.org/data/?r=IND&p=all&px=HS&cc=8704&y=2019,2019
CHN,semiconductors,DEU,semiconductors,semiconductors,0.16,3808064946.47,8541;8542,2,https://comtrade.un.org/data/?r=DEU&p=all&px=HS&cc=8541&y=2019;https://comtrade.un.org/data/?r=DEU&p=all&px=HS&cc=8542&y=2019,2019
CHN,semiconductors,MYS,semiconductors,semiconductors,0.1563,5466564055.08,8541;8542,2,https://comtrade.un.org/data/?r=MYS&p=all&px=HS&cc=8541&y=2019;https://comtrade.un.org/data/?r=MYS&p=all&px=HS&cc=8542&y=2019,2019
CHN,automotive,MYS,automotive,automotive,0.1562,867939754.72,8703;8704;8708,3,https://comtrade.un.org/data/?r=MYS&p=all&px=HS&cc=8703&y=2019;https://comtrade.un.org/data/?r=MYS&p=all&px=HS&cc=8704&y=2019;https://comtrade.un.org/data/?r=MYS&p=all&px=HS&cc=8708&y=2019,2019
USA,semiconductors,VNM,semiconductors,semiconductors,0.1542,4720338358.36,8542,1,https://comtrade.un.org/data/?r=VNM&p=all&px=HS&cc=8542&y=2019,2019
GBR,automotive,IND,automotive,automotive,0.1506,43102316.0,8703;8704,2,https://comtrade.un.org/data/?r=IND&p=all&px=HS&cc=8703&y=2019;https://comtrade.un.org/data/?r=IND&p=all&px=HS&cc=8704&y=2019,2019
IDN,electronics,THA,electronics,electronics,0.1492,143872674.39,8528,1,https://comtrade.un.org/data/?r=THA&p=all&px=HS&cc=8528&y=2019,2019
IDN,automotive,VNM,automotive,automotive,0.1487,746475016.23,8703;8704;8708,3,https://comtrade.un.org/data/?r=VNM&p=all&px=HS&cc=8703&y=2019;https://comtrade.un.org/data/?r=VNM&p=all&px=HS&cc=8704&y=2019;https://comtrade.un.org/data/?r=VNM&p=all&px=HS&cc=8708&y=2019,2019
VNM,electronics,THA,electronics,electronics,0.1479,1157713171.82,8517;8528,2,https://comtrade.un.org/data/?r=THA&p=all&px=HS&cc=8517&y=2019;https://comtrade.un.org/data/?r=THA&p=all&px=HS&cc=8528&y=2019,2019
DEU,automotive,IND,automotive,automotive,0.1475,650880802.39,8703;8708,2,https://comtrade.un.org/data/?r=IND&p=all&px=HS&cc=8703&y=2019;https://comtrade.un.org/data/?r=IND&p=all&px=HS&cc=8708&y=2019,2019
MYS,semiconductors,DEU,semiconductors,semiconductors,0.1467,3492894726.34,8541;8542,2,https://comtrade.un.org/data/?r=DEU&p=all&px=HS&cc=8541&y=2019;https://comtrade.un.org/data/?r=DEU&p=all&px=HS&cc=8542&y=2019,2019
S19,semiconductors,VNM,semiconductors,semiconductors,0.1448,5093175231.1,8541;8542,2,https://comtrade.un.org/data/?r=VNM&p=all&px=HS&cc=8541&y=2019;https://comtrade.un.org/data/?r=VNM&p=all&px=HS&cc=8542&y=2019,2019
SGP,semiconductors,MYS,semiconductors,semiconductors,0.1442,5043690485.35,8541;8542,2,https://comtrade.un.org/data/?r=MYS&p=all&px=HS&cc=8541&y=2019;https://comtrade.un.org/data/?r=MYS&p=all&px=HS&cc=8542&y=2019,2019
KOR,semiconductors,IND,semiconductors,semiconductors,0.1441,1465748220.75,8542,1,https://comtrade.un.org/data/?r=IND&p=all&px=HS&cc=8542&y=2019,2019
_X,semiconductors,TWN,semiconductors,semiconductors,0.1439,8075637988.94,8541;8542,2,https://comtrade.un.org/data/?r=TWN&p=all&px=HS&cc=8541&y=2019;https://comtrade.un.org/data/?r=TWN&p=all&px=HS&cc=8542&y=2019,2019
USA,semiconductors,MYS,semiconductors,semiconductors,0.1437,5025043174.21,8541;8542,2,https://comtrade.un.org/data/?r=MYS&p=all&px=HS&cc=8541&y=2019;https://comtrade.un.org/data/?r=MYS&p=all&px=HS&cc=8542&y=2019,2019
CHN,automotive,VNM,automotive,automotive,0.143,431239094.62,8704;8708,2,https://comtrade.un.org/data/?r=VNM&p=all&px=HS&cc=8704&y=2019;https://comtrade.un.org/data/?r=VNM&p=all&px=HS&cc=8708&y=2019,2019
USA,automotive,CHN,automotive,automotive,0.1429,10494652128.0,8703;8704;8708,3,https://comtrade.un.org/data/?r=CHN&p=all&px=HS&cc=8703&y=2019;https://comtrade.un.org/data/?r=CHN&p=all&px=HS&cc=8704&y=2019;https://comtrade.un.org/data/?r=CHN&p=all&px=HS&cc=8708&y=2019,2019
KOR,semiconductors,TWN,semiconductors,semiconductors,0.1425,7661717832.51,8542,1,https://comtrade.un.org/data/?r=TWN&p=all&px=HS&cc=8542&y=2019,2019
CHN,semiconductors,CHN,semiconductors,semiconductors,0.14,46568922087.0,8541;8542,2,https://comtrade.un.org/data/?r=CHN&p=all&px=HS&cc=8541&y=2019;https://comtrade.un.org/data/?r=CHN&p=all&px=HS&cc=8542&y=2019,2019
CHN,semiconductors,VNM,semiconductors,semiconductors,0.1396,4909582968.15,8541;8542,2,https://comtrade.un.org/data/?r=VNM&p=all&px=HS&cc=8541&y=2019;https://comtrade.un.org/data/?r=VNM&p=all&px=HS&cc=8542&y=2019,2019
USA,automotive,KOR,automotive,automotive,0.1383,2119663739.0,8703;8704;8708,3,https://comtrade.un.org/data/?r=KOR&p=all&px=HS&cc=8703&y=2019;https://comtrade.un.org/data/?r=KOR&p=all&px=HS&cc=8704&y=2019;https://comtrade.un.org/data/?r=KOR&p=all&px=HS&cc=8708&y=2019,2019
CHN,automotive,USA,automotive,automotive,0.1378,9592845098.0,8708,1,https://comtrade.un.org/data/?r=USA&p=all&px=HS&cc=8708&y=2019,2019
THA,automotive,TWN,automotive,automotive,0.1369,235590516.66,8704;8708,2,https://comtrade.un.org/data/?r=TWN&p=all&px=HS&cc=8704&y=2019;https://comtrade.un.org/data/?r=TWN&p=all&px=HS&cc=8708&y=2019,2019
VNM,electronics,USA,electronics,electronics,0.1362,13881032981.0,8517,1,https://comtrade.un.org/data/?r=USA&p=all&px=HS&cc=8517&y=2019,2019
JPN,semiconductors,TWN,semiconductors,semiconductors,0.1313,7372817578.42,8541;8542,2,https://comtrade.un.org/data/?r=TWN&p=all&px=HS&cc=8541&y=2019;https://comtrade.un.org/data/?r=TWN&p=all&px=HS&cc=8542&y=2019,2019
THA,electronics,CHN,electronics,electronics,0.131,9583533257.0,8471;8517,2,https://comtrade.un.org/data/?r=CHN&p=all&px=HS&cc=8471&y=2019;https://comtrade.un.org/data/?r=CHN&p=all&px=HS&cc=8517&y=2019,2019
S19,semiconductors,DEU,semiconductors,semiconductors,0.131,3117749630.24,8541;8542,2,https://comtrade.un.org/data/?r=DEU&p=all&px=HS&cc=8541&y=2019;https://comtrade.un.org/data/?r=DEU&p=all&px=HS&cc=8542&y=2019,2019
SVK,electronics,DEU,electronics,electronics,0.1306,780057041.34,8528,1,https://comtrade.un.org/data/?r=DEU&p=all&px=HS&cc=8528&y=2019,2019
USA,semiconductors,JPN,semiconductors,semiconductors,0.13,2406207638.37,8542,1,https://comtrade.un.org/data/?r=JPN&p=all&px=HS&cc=8542&y=2019,2019
THA,automotive,JPN,automotive,automotive,0.1293,1109646820.41,8704;8708,2,https://comtrade.un.org/data/?r=JPN&p=all&px=HS&cc=8704&y=2019;https://comtrade.un.org/data/?r=JPN&p=all&px=HS&cc=8708&y=2019,2019
JPN,automotive,KOR,automotive,automotive,0.1267,1942159123.0,8703;8704;8708,3,https://comtrade.un.org/data/?r=KOR&p=all&px=HS&cc=8703&y=2019;https://comtrade.un.org/data/?r=KOR&p=all&px=HS&cc=8704&y=2019;https://comtrade.un.org/data/?r=KOR&p=all&px=HS&cc=8708&y=2019,2019
USA,semiconductors,DEU,semiconductors,semiconductors,0.1258,2995327830.3,8541;8542,2,https://comtrade.un.org/data/?r=DEU&p=all&px=HS&cc=8541&y=2019;https://comtrade.un.org/data/?r=DEU&p=all&px=HS&cc=8542&y=2019,2019
IND,automotive,MEX,automotive,automotive,0.124,1223996374.0,8703,1,https://comtrade.un.org/data/?r=MEX&p=all&px=HS&cc=8703&y=2019,2019
IRL,semiconductors,NLD,semiconductors,semiconductors,0.1229,1646653261.03,8542,1,https://comtrade.un.org/data/?r=NLD&p=all&px=HS&cc=8542&y=2019,2019
USA,electronics,MEX,electronics,electronics,0.1227,3260695591.0,8471;8517;8528,3,https://comtrade.un.org/data/?r=MEX&p=all&px=HS&cc=8471&y=2019;https://comtrade.un.org/data/?r=MEX&p=all&px=HS&cc=8517&y=2019;https://comtrade.un.org/data/?r=MEX&p=all&px=HS&cc=8528&y=2019,2019
KOR,semiconductors,MEX,semiconductors,semiconductors,0.1225,2615705512.0,8542,1,https://comtrade.un.org/data/?r=MEX&p=all&px=HS&cc=8542&y=2019,2019
CHN,automotive,THA,automotive,automotive,0.1209,1030523710.01,8703;8704;8708,3,https://comtrade.un.org/data/?r=THA&p=all&px=HS&cc=8703&y=2019;https://comtrade.un.org/data/?r=THA&p=all&px=HS&cc=8704&y=2019;https://comtrade.un.org/data/?r=THA&p=all&px=HS&cc=8708&y=2019,2019
HKG,electronics,MYS,electronics,electronics,0.1196,814191272.13,8471;8517,2,https://comtrade.un.org/data/?r=MYS&p=all&px=HS&cc=8471&y=2019;https://comtrade.un.org/data/?r=MYS&p=all&px=HS&cc=8517&y=2019,2019
SGP,semiconductors,MEX,semiconductors,semiconductors,0.119,388895899.0,8541,1,https://comtrade.un.org/data/?r=MEX&p=all&px=HS&cc=8541&y=2019,2019
USA,automotive,TWN,automotive,automotive,0.1178,649998901.23,8703,1,https://comtrade.un.org/data/?r=TWN&p=all&px=HS&cc=8703&y=2019,2019
NLD,automotive,DEU,automotive,automotive,0.1173,892317613.96,8704,1,https://comtrade.un.org/data/?r=DEU&p=all&px=HS&cc=8704&y=2019,2019
JPN,automotive,VNM,automotive,automotive,0.1139,571502066.65,8703;8704;8708,3,https://comtrade.un.org/data/?r=VNM&p=all&px=HS&cc=8703&y=2019;https://comtrade.un.org/data/?r=VNM&p=all&px=HS&cc=8704&y=2019;https://comtrade.un.org/data/?r=VNM&p=all&px=HS&cc=8708&y=2019,2019
CHN,semiconductors,THA,semiconductors,semiconductors,0.1127,1482313274.25,8541;8542,2,https://comtrade.un.org/data/?r=THA&p=all&px=HS&cc=8541&y=2019;https://comtrade.un.org/data/?r=THA&p=all&px=HS&cc=8542&y=2019,2019
AUS,automotive,IND,automotive,automotive,0.111,7168469.7,8704,1,https://comtrade.un.org/data/?r=IND&p=all&px=HS&cc=8704&y=2019,2019
MYS,semiconductors,VNM,semiconductors,semiconductors,0.1083,493427161.58,8541,1,https://comtrade.un.org/data/?r=VNM&p=all&px=HS&cc=8541&y=2019,2019
GBR,automotive,JPN,automotive,automotive,0.1077,1355095558.76,8703;8704,2,https://comtrade.un.org/data/?r=JPN&p=all&px=HS&cc=8703&y=2019;https://comtrade.un.org/data/?r=JPN&p=all&px=HS&cc=8704&y=2019,2019
CZE,automotive,DEU,automotive,automotive,0.104,11731324218.51,8703;8708,2,https://comtrade.un.org/data/?r=DEU&p=all&px=HS&cc=8703&y=2019;https://comtrade.un.org/data/?r=DEU&p=all&px=HS&cc=8708&y=2019,2019
IDN,automotive,THA,automotive,automotive,0.1037,883536979.67,8703;8704;8708,3,https://comtrade.un.org/data/?r=THA&p=all&px=HS&cc=8703&y=2019;https://comtrade.un.org/data/?r=THA&p=all&px=HS&cc=8704&y=2019;https://comtrade.un.org/data/?r=THA&p=all&px=HS&cc=8708&y=2019,2019
SVK,automotive,CHN,automotive,automotive,0.1032,4856958186.0,8703,1,https://comtrade.un.org/data/?r=CHN&p=all&px=HS&cc=8703&y=2019,2019
ESP,automotive,DEU,automotive,automotive,0.1029,12392134001.76,8703;8704;8708,3,https://comtrade.un.org/data/?r=DEU&p=all&px=HS&cc=8703&y=2019;https://comtrade.un.org/data/?r=DEU&p=all&px=HS&cc=8704&y=2019;https://comtrade.un.org/data/?r=DEU&p=all&px=HS&cc=8708&y=2019,2019
THA,electronics,THA,electronics,electronics,0.1024,1116828182.33,8471;8517,2,https://comtrade.un.org/data/?r=THA&p=all&px=HS&cc=8471&y=2019;https://comtrade.un.org/data/?r=THA&p=all&px=HS&cc=8517&y=2019,2019
MYS,semiconductors,CHN,semiconductors,semiconductors,0.1008,33518676285.0,8541;8542,2,https://comtrade.un.org/data/?r=CHN&p=all&px=HS&cc=8541&y=2019;https://comtrade.un.org/data/?r=CHN&p=all&px=HS&cc=8542&y=2019,2019
KOR,semiconductors,NLD,semiconductors,semiconductors,0.1,275404984.37,8541,1,https://comtrade.un.org/data/?r=NLD&p=all&px=HS&cc=8541&y=2019,2019
S19,electronics,CHN,electronics,electronics,0.0997,7371356860.0,8471;8517;8528,3,https://comtrade.un.org/data/?r=CHN&p=all&px=HS&cc=8471&y=2019;https://comtrade.un.org/data/?r=CHN&p=all&px=HS&cc=8517&y=2019;https://comtrade.un.org/data/?r=CHN&p=all&px=HS&cc=8528&y=2019,2019
USA,semiconductors,THA,semiconductors,semiconductors,0.0995,1307970857.57,8541;8542,2,https://comtrade.un.org/data/?r=THA&p=all&px=HS&cc=8541&y=2019;https://comtrade.un.org/data/?r=THA&p=all&px=HS&cc=8542&y=2019,2019
JPN,automotive,IND,automotive,automotive,0.0993,416271514.79,8708,1,https://comtrade.un.org/data/?r=IND&p=all&px=HS&cc=8708&y=2019,2019
VNM,semiconductors,NLD,semiconductors,semiconductors,0.0986,1320373415.19,8542,1,https://comtrade.un.org/data/?r=NLD&p=all&px=HS&cc=8542&y=2019,2019
VNM,electronics,DEU,electronics,electronics,0.0973,2239339608.35,8517,1,https://comtrade.un.org/data/?r=DEU&p=all&px=HS&cc=8517&y=2019,2019
CHN,semiconductors,NLD,semiconductors,semiconductors,0.097,1566551442.0,8541;8542,2,https://comtrade.un.org/data/?r=NLD&p=all&px=HS&cc=8541&y=2019;https://comtrade.un.org/data/?r=NLD&p=all&px=HS&cc=8542&y=2019,2019
NLD,automotive,KOR,automotive,automotive,0.0953,33077417.0,8704,1,https://comtrade.un.org/data/?r=KOR&p=all&px=HS&cc=8704&y=2019,2019
USA,electronics,NLD,electronics,electronics,0.0941,3504823523.38,8471;8517,2,https://comtrade.un.org/data/?r=NLD&p=all&px=HS&cc=8471&y=2019;https://comtrade.un.org/data/?r=NLD&p=all&px=HS&cc=8517&y=2019,2019
S19,semiconductors,USA,semiconductors,semiconductors,0.0929,4126665422.0,8541;8542,2,https://comtrade.un.org/data/?r=USA&p=all&px=HS&cc=8541&y=2019;https://comtrade.un.org/data/?r=USA&p=all&px=HS&cc=8542&y=2019,2019
JPN,semiconductors,VNM,semiconductors,semiconductors,0.0929,3267579597.83,8541;8542,2,https://comtrade.un.org/data/?r=VNM&p=all&px=HS&cc=8541&y=2019;https://comtrade.un.org/data/?r=VNM&p=all&px=HS&cc=8542&y=2019,2019
MYS,semiconductors,THA,semiconductors,semiconductors,0.0904,1188627263.6,8541;8542,2,https://comtrade.un.org/data/?r=THA&p=all&px=HS&cc=8541&y=2019;https://comtrade.un.org/data/?r=THA&p=all&px=HS&cc=8542&y=2019,2019
DEU,automotive,USA,automotive,automotive,0.09,22423016680.0,8703;8708,2,https://comtrade.un.org/data/?r=USA&p=all&px=HS&cc=8703&y=2019;https://comtrade.un.org/data/?r=USA&p=all&px=HS&cc=8708&y=2019,2019
CHN,automotive,MEX,automotive,automotive,0.0893,3307313675.0,8703;8708,2,https://comtrade.un.org/data/?r=MEX&p=all&px=HS&cc=8703&y=2019;https://comtrade.un.org/data/?r=MEX&p=all&px=HS&cc=8708&y=2019,2019
USA,automotive,DEU,automotive,automotive,0.0878,6365533088.91,8703,1,https://comtrade.un.org/data/?r=DEU&p=all&px=HS&cc=8703&y=2019,2019
S19,semiconductors,MEX,semiconductors,semiconductors,0.0873,2149352175.0,8541;8542,2,https://comtrade.un.org/data/?r=MEX&p=all&px=HS&cc=8541&y=2019;https://comtrade.un.org/data/?r=MEX&p=all&px=HS&cc=8542&y=2019,2019
SGP,electronics,IND,electronics,electronics,0.087,1940554072.23,8471;8517;8528,3,https://comtrade.un.org/data/?r=IND&p=all&px=HS&cc=8471&y=2019;https://comtrade.un.org/data/?r=IND&p=all&px=HS&cc=8517&y=2019;https://comtrade.un.org/data/?r=IND&p=all&px=HS&cc=8528&y=2019,2019
JPN,semiconductors,KOR,semiconductors,semiconductors,0.0868,3531272430.0,8541;8542,2,https://comtrade.un.org/data/?r=KOR&p=all&px=HS&cc=8541&y=2019;https://comtrade.un.org/data/?r=KOR&p=all&px=HS&cc=8542&y=2019,2019
JPN,semiconductors,MYS,semiconductors,semiconductors,0.0868,3034138020.44,8541;8542,2,https://comtrade.un.org/data/?r=MYS&p=all&px=HS&cc=8541&y=2019;https://comtrade.un.org/data/?r=MYS&p=all&px=HS&cc=8542&y=2019,2019
JPN,automotive,MEX,automotive,automotive,0.0864,3379324026.0,8703;8704;8708,3,https://comtrade.un.org/data/?r=MEX&p=all&px=HS&cc=8703&y=2019;https://comtrade.un.org/data/?r=MEX&p=all&px=HS&cc=8704&y=2019;https://comtrade.un.org/data/?r=MEX&p=all&px=HS&cc=8708&y=2019,2019
KOR,electronics,CHN,electronics,electronics,0.0856,6334315131.0,8471;8517;8528,3,https://comtrade.un.org/data/?r=CHN&p=all&px=HS&cc=8471&y=2019;https://comtrade.un.org/data/?r=CHN&p=all&px=HS&cc=8517&y=2019;https://comtrade.un.org/data/?r=CHN&p=all&px=HS&cc=8528&y=2019,2019
SGP,semiconductors,IND,semiconductors,semiconductors,0.0855,1143454799.96,8541;8542,2,https://comtrade.un.org/data/?r=IND&p=all&px=HS&cc=8541&y=2019;https://comtrade.un.org/data/?r=IND&p=all&px=HS&cc=8542&y=2019,2019
THA,electronics,MEX,electronics,electronics,0.0854,2270298988.0,8471;8517;8528,3,https://comtrade.un.org/data/?r=MEX&p=all&px=HS&cc=8471&y=2019;https://comtrade.un.org/data/?r=MEX&p=all&px=HS&cc=8517&y=2019;https://comtrade.un.org/data/?r=MEX&p=all&px=HS&cc=8528&y=2019,2019
KOR,automotive,USA,automotive,automotive,0.084,20924395634.0,8703;8708,2,https://comtrade.un.org/data/?r=USA&p=all&px=HS&cc=8703&y=2019;https://comtrade.un.org/data/?r=USA&p=all&px=HS&cc=8708&y=2019,2019
SGP,electronics,MYS,electronics,electronics,0.0839,571278229.79,8471;8517,2,https://comtrade.un.org/data/?r=MYS&p=all&px=HS&cc=8471&y=2019;https://comtrade.un.org/data/?r=MYS&p=all&px=HS&cc=8517&y=2019,2019
FRA,automotive,DEU,automotive,automotive,0.0831,10000392065.76,8703;8704;8708,3,https://comtrade.un.org/data/?r=DEU&p=all&px=HS&cc=8703&y=2019;https://comtrade.un.org/data/?r=DEU&p=all&px=HS&cc=8704&y=2019;https://comtrade.un.org/data/?r=DEU&p=all&px=HS&cc=8708&y=2019,2019
VNM,semiconductors,USA,semiconductors,semiconductors,0.0827,3670836328.0,8541;8542,2,https://comtrade.un.org/data/?r=USA&p=all&px=HS&cc=8541&y=2019;https://comtrade.un.org/data/?r=USA&p=all&px=HS&cc=8542&y=2019,2019
USA,semiconductors,KOR,semiconductors,semiconductors,0.0827,3364509432.0,8541;8542,2,https://comtrade.un.org/data/?r=KOR&p=all&px=HS&cc=8541&y=2019;https://comtrade.un.org/data/?r=KOR&p=all&px=HS&cc=8542&y=2019,2019
MYS,semiconductors,TWN,semiconductors,semiconductors,0.0822,4614210939.25,8541;8542,2,https://comtrade.un.org/data/?r=TWN&p=all&px=HS&cc=8541&y=2019;https://comtrade.un.org/data/?r=TWN&p=all&px=HS&cc=8542&y=2019,2019
DEU,automotive,MEX,automotive,automotive,0.082,3207937945.0,8703;8704;8708,3,https://comtrade.un.org/data/?r=MEX&p=all&px=HS&cc=8703&y=2019;https://comtrade.un.org/data/?r=MEX&p=all&px=HS&cc=8704&y=2019;https://comtrade.un.org/data/?r=MEX&p=all&px=HS&cc=8708&y=2019,2019
GBR,automotive,CHN,automotive,automotive,0.0816,3839039045.0,8703,1,https://comtrade.un.org/data/?r=CHN&p=all&px=HS&cc=8703&y=2019,2019
HKG,electronics,NLD,electronics,electronics,0.0816,3328805571.91,8471;8517;8528,3,https://comtrade.un.org/data/?r=NLD&p=all&px=HS&cc=8471&y=2019;https://comtrade.un.org/data/?r=NLD&p=all&px=HS&cc=8517&y=2019;https://comtrade.un.org/data/?r=NLD&p=all&px=HS&cc=8528&y=2019,2019
ROU,automotive,DEU,automotive,automotive,0.0807,3251139000.68,8708,1,https://comtrade.un.org/data/?r=DEU&p=all&px=HS&cc=8708&y=2019,2019
THA,automotive,IND,automotive,automotive,0.0807,343382568.47,8704;8708,2,https://comtrade.un.org/data/?r=IND&p=all&px=HS&cc=8704&y=2019;https://comtrade.un.org/data/?r=IND&p=all&px=HS&cc=8708&y=2019,2019
DEU,automotive,THA,automotive,automotive,0.0804,685171233.84,8703;8704;8708,3,https://comtrade.un.org/data/?r=THA&p=all&px=HS&cc=8703&y=2019;https://comtrade.un.org/data/?r=THA&p=all&px=HS&cc=8704&y=2019;https://comtrade.un.org/data/?r=THA&p=all&px=HS&cc=8708&y=2019,2019
USA,automotive,JPN,automotive,automotive,0.0802,1660791937.71,8703;8704;8708,3,https://comtrade.un.org/data/?r=JPN&p=all&px=HS&cc=8703&y=2019;https://comtrade.un.org/data/?r=JPN&p=all&px=HS&cc=8704&y=2019;https://comtrade.un.org/data/?r=JPN&p=all&px=HS&cc=8708&y=2019,2019
VNM,electronics,TWN,electronics,electronics,0.0794,453581256.69,8517,1,https://comtrade.un.org/data/?r=TWN&p=all&px=HS&cc=8517&y=2019,2019
SVK,automotive,DEU,automotive,automotive,0.0778,8778841249.65,8703;8708,2,https://comtrade.un.org/data/?r=DEU&p=all&px=HS&cc=8703&y=2019;https://comtrade.un.org/data/?r=DEU&p=all&px=HS&cc=8708&y=2019,2019
FRA,electronics,IND,electronics,electronics,0.0777,156149894.67,8528,1,https://comtrade.un.org/data/?r=IND&p=all&px=HS&cc=8528&y=2019,2019
THA,electronics,MYS,electronics,electronics,0.0771,556640893.9,8471;8517;8528,3,https://comtrade.un.org/data/?r=MYS&p=all&px=HS&cc=8471&y=2019;https://comtrade.un.org/data/?r=MYS&p=all&px=HS&cc=8517&y=2019;https://comtrade.un.org/data/?r=MYS&p=all&px=HS&cc=8528&y=2019,2019
USA,automotive,THA,automotive,automotive,0.0764,651460560.48,8703;8704;8708,3,https://comtrade.un.org/data/?r=THA&p=all&px=HS&cc=8703&y=2019;https://comtrade.un.org/data/?r=THA&p=all&px=HS&cc=8704&y=2019;https://comtrade.un.org/data/?r=THA&p=all&px=HS&cc=8708&y=2019,2019
PHL,electronics,MEX,electronics,electronics,0.076,769796742.0,8471,1,https://comtrade.un.org/data/?r=MEX&p=all&px=HS&cc=8471&y=2019,2019
KOR,automotive,JPN,automotive,automotive,0.0754,613373503.81,8708,1,https://comtrade.un.org/data/?r=JPN&p=all&px=HS&cc=8708&y=2019,2019
IDN,automotive,MYS,automotive,automotive,0.0738,195554476.01,8708,1,https://comtrade.un.org/data/?r=MYS&p=all&px=HS&cc=8708&y=2019,2019
MYS,electronics,THA,electronics,electronics,0.0736,873553202.73,8471;8517;8528,3,https://comtrade.un.org/data/?r=THA&p=all&px=HS&cc=8471&y=2019;https://comtrade.un.org/data/?r=THA&p=all&px=HS&cc=8517&y=2019;https://comtrade.un.org/data/?r=THA&p=all&px=HS&cc=8528&y=2019,2019
IRL,semiconductors,VNM,semiconductors,semiconductors,0.0732,2242100492.22,8542,1,https://comtrade.un.org/data/?r=VNM&p=all&px=HS&cc=8542&y=2019,2019
USA,semiconductors,TWN,semiconductors,semiconductors,0.0731,4101259522.78,8541;8542,2,https://comtrade.un.org/data/?r=TWN&p=all&px=HS&cc=8541&y=2019;https://comtrade.un.org/data/?r=TWN&p=all&px=HS&cc=8542&y=2019,2019
GBR,automotive,KOR,automotive,automotive,0.072,799944221.0,8703,1,https://comtrade.un.org/data/?r=KOR&p=all&px=HS&cc=8703&y=2019,2019
THA,electronics,TWN,electronics,electronics,0.0715,251412575.65,8471,1,https://comtrade.un.org/data/?r=TWN&p=all&px=HS&cc=8471&y=2019,2019
KOR,electronics,MEX,electronics,electronics,0.0713,722859392.0,8471,1,https://comtrade.un.org/data/?r=MEX&p=all&px=HS&cc=8471&y=2019,2019
AUT,automotive,DEU,automotive,automotive,0.0711,3405442006.91,8704;8708,2,https://comtrade.un.org/data/?r=DEU&p=all&px=HS&cc=8704&y=2019;https://comtrade.un.org/data/?r=DEU&p=all&px=HS&cc=8708&y=2019,2019
RUS,automotive,VNM,automotive,automotive,0.0708,52364786.5,8704,1,https://comtrade.un.org/data/?r=VNM&p=all&px=HS&cc=8704&y=2019,2019
KOR,semiconductors,USA,semiconductors,semiconductors,0.0701,3110426767.0,8541;8542,2,https://comtrade.un.org/data/?r=USA&p=all&px=HS&cc=8541&y=2019;https://comtrade.un.org/data/?r=USA&p=all&px=HS&cc=8542&y=2019,2019
PHL,semiconductors,JPN,semiconductors,semiconductors,0.0691,342251158.08,8541,1,https://comtrade.un.org/data/?r=JPN&p=all&px=HS&cc=8541&y=2019,2019
MYS,electronics,NLD,electronics,electronics,0.0686,1524525540.7,8517,1,https://comtrade.un.org/data/?r=NLD&p=all&px=HS&cc=8517&y=2019,2019
POL,automotive,NLD,automotive,automotive,0.0685,592829959.01,8704;8708,2,https://comtrade.un.org/data/?r=NLD&p=all&px=HS&cc=8704&y=2019;https://comtrade.un.org/data/?r=NLD&p=all&px=HS&cc=8708&y=2019,2019
FRA,automotive,NLD,automotive,automotive,0.0682,1447491200.32,8703;8704;8708,3,https://comtrade.un.org/data/?r=NLD&p=all&px=HS&cc=8703&y=2019;https://comtrade.un.org/data/?r=NLD&p=all&px=HS&cc=8704&y=2019;https://comtrade.un.org/data/?r=NLD&p=all&px=HS&cc=8708&y=2019,2019
KOR,automotive,TWN,automotive,automotive,0.0679,116765245.58,8704;8708,2,https://comtrade.un.org/data/?r=TWN&p=all&px=HS&cc=8704&y=2019;https://comtrade.un.org/data/?r=TWN&p=all&px=HS&cc=8708&y=2019,2019
KOR,automotive,CHN,automotive,automotive,0.0678,1710795017.0,8708,1,https://comtrade.un.org/data/?r=CHN&p=all&px=HS&cc=8708&y=2019,2019
SGP,semiconductors,NLD,semiconductors,semiconductors,0.0675,903680612.52,8542,1,https://comtrade.un.org/data/?r=NLD&p=all&px=HS&cc=8542&y=2019,2019
CZE,electronics,DEU,electronics,electronics,0.0671,3585577451.59,8471;8517;8528,3,https://comtrade.un.org/data/?r=DEU&p=all&px=HS&cc=8471&y=2019;https://comtrade.un.org/data/?r=DEU&p=all&px=HS&cc=8517&y=2019;https://comtrade.un.org/data/?r=DEU&p=all&px=HS&cc=8528&y=2019,2019
MEX,automotive,KOR,automotive,automotive,0.0664,256926181.0,8708,1,https://comtrade.un.org/data/?r=KOR&p=all&px=HS&cc=8708&y=2019,2019
VNM,electronics,MYS,electronics,electronics,0.066,476558906.17,8471;8517;8528,3,https://comtrade.un.org/data/?r=MYS&p=all&px=HS&cc=8471&y=2019;https://comtrade.un.org/data/?r=MYS&p=all&px=HS&cc=8517&y=2019;https://comtrade.un.org/data/?r=MYS&p=all&px=HS&cc=8528&y=2019,2019
USA,electronics,KOR,electronics,electronics,0.0659,549471037.0,8471;8528,2,https://comtrade.un.org/data/?r=KOR&p=all&px=HS&cc=8471&y=2019;https://comtrade.un.org/data/?r=KOR&p=all&px=HS&cc=8528&y=2019,2019
KOR,semiconductors,DEU,semiconductors,semiconductors,0.0649,1545259711.14,8541;8542,2,https://comtrade.un.org/data/?r=DEU&p=all&px=HS&cc=8541&y=2019;https://comtrade.un.org/data/?r=DEU&p=all&px=HS&cc=8542&y=2019,2019
USA,automotive,IND,automotive,automotive,0.0645,288807436.13,8703;8704;8708,3,https://comtrade.un.org/data/?r=IND&p=all&px=HS&cc=8703&y=2019;https://comtrade.un.org/data/?r=IND&p=all&px=HS&cc=8704&y=2019;https://comtrade.un.org/data/?r=IND&p=all&px=HS&cc=8708&y=2019,2019
VNM,semiconductors,MEX,semiconductors,semiconductors,0.0641,1577932712.0,8541;8542,2,https://comtrade.un.org/data/?r=MEX&p=all&px=HS&cc=8541&y=2019;https://comtrade.un.org/data/?r=MEX&p=all&px=HS&cc=8542&y=2019,2019
JPN,electronics,TWN,electronics,electronics,0.064,38708337.48,8528,1,https://comtrade.un.org/data/?r=TWN&p=all&px=HS&cc=8528&y=2019,2019
ITA,automotive,JPN,automotive,automotive,0.0636,771619642.68,8703,1,https://comtrade.un.org/data/?r=JPN&p=all&px=HS&cc=8703&y=2019,2019
JPN,semiconductors,CHN,semiconductors,semiconductors,0.0631,20984654141.0,8541;8542,2,https://comtrade.un.org/data/?r=CHN&p=all&px=HS&cc=8541&y=2019;https://comtrade.un.org/data/?r=CHN&p=all&px=HS&cc=8542&y=2019,2019
KOR,semiconductors,THA,semiconductors,semiconductors,0.0629,826487627.24,8541;8542,2,https://comtrade.un.org/data/?r=THA&p=all&px=HS&cc=8541&y=2019;https://comtrade.un.org/data/?r=THA&p=all&px=HS&cc=8542&y=2019,2019
PHL,electronics,CHN,electronics,electronics,0.0628,1967251667.0,8471;8528,2,https://comtrade.un.org/data/?r=CHN&p=all&px=HS&cc=8471&y=2019;https://comtrade.un.org/data/?r=CHN&p=all&px=HS&cc=8528&y=2019,2019
SGP,semiconductors,TWN,semiconductors,semiconductors,0.0624,3353156946.74,8542,1,https://comtrade.un.org/data/?r=TWN&p=all&px=HS&cc=8542&y=2019,2019
VNM,electronics,NLD,electronics,electronics,0.0624,1608624694.34,8517;8528,2,https://comtrade.un.org/data/?r=NLD&p=all&px=HS&cc=8517&y=2019;https://comtrade.un.org/data/?r=NLD&p=all&px=HS&cc=8528&y=2019,2019
MEX,automotive,DEU,automotive,automotive,0.0622,4510180759.51,8703,1,https://comtrade.un.org/data/?r=DEU&p=all&px=HS&cc=8703&y=2019,2019
PHL,semiconductors,DEU,semiconductors,semiconductors,0.0621,1479087458.97,8541;8542,2,https://comtrade.un.org/data/?r=DEU&p=all&px=HS&cc=8541&y=2019;https://comtrade.un.org/data/?r=DEU&p=all&px=HS&cc=8542&y=2019,2019
SGP,electronics,KOR,electronics,electronics,0.0621,416222060.0,8471,1,https://comtrade.un.org/data/?r=KOR&p=all&px=HS&cc=8471&y=2019,2019
POL,automotive,DEU,automotive,automotive,0.0614,7392755144.36,8703;8704;8708,3,https://comtrade.un.org/data/?r=DEU&p=all&px=HS&cc=8703&y=2019;https://comtrade.un.org/data/?r=DEU&p=all&px=HS&cc=8704&y=2019;https://comtrade.un.org/data/?r=DEU&p=all&px=HS&cc=8708&y=2019,2019
VNM,electronics,JPN,electronics,electronics,0.0612,1484729186.11,8517,1,https://comtrade.un.org/data/?r=JPN&p=all&px=HS&cc=8517&y=2019,2019
ZAF,automotive,DEU,automotive,automotive,0.0608,4867662238.7,8703;8704,2,https://comtrade.un.org/data/?r=DEU&p=all&px=HS&cc=8703&y=2019;https://comtrade.un.org/data/?r=DEU&p=all&px=HS&cc=8704&y=2019,2019
KOR,semiconductors,JPN,semiconductors,semiconductors,0.0603,1415482755.3,8541;8542,2,https://comtrade.un.org/data/?r=JPN&p=all&px=HS&cc=8541&y=2019;https://comtrade.un.org/data/?r=JPN&p=all&px=HS&cc=8542&y=2019,2019
MYS,electronics,CHN,electronics,electronics,0.0598,1871857007.0,8471;8528,2,https://comtrade.un.org/data/?r=CHN&p=all&px=HS&cc=8471&y=2019;https://comtrade.un.org/data/?r=CHN&p=all&px=HS&cc=8528&y=2019,2019
AUT,automotive,CHN,automotive,automotive,0.0595,67189940.0,8704,1,https://comtrade.un.org/data/?r=CHN&p=all&px=HS&cc=8704&y=2019,2019
VNM,automotive,JPN,automotive,automotive,0.0595,484252679.46,8708,1,https://comtrade.un.org/data/?r=JPN&p=all&px=HS&cc=8708&y=2019,2019
S19,electronics,MEX,electronics,electronics,0.0593,1575590223.0,8471;8517;8528,3,https://comtrade.un.org/data/?r=MEX&p=all&px=HS&cc=8471&y=2019;https://comtrade.un.org/data/?r=MEX&p=all&px=HS&cc=8517&y=2019;https://comtrade.un.org/data/?r=MEX&p=all&px=HS&cc=8528&y=2019,2019
HUN,automotive,DEU,automotive,automotive,0.0586,6603688165.12,8703;8708,2,https://comtrade.un.org/data/?r=DEU&p=all&px=HS&cc=8703&y=2019;https://comtrade.un.org/data/?r=DEU&p=all&px=HS&cc=8708&y=2019,2019
JPN,electronics,DEU,electronics,electronics,0.0583,348407336.62,8528,1,https://comtrade.un.org/data/?r=DEU&p=all&px=HS&cc=8528&y=2019,2019
NLD,electronics,DEU,electronics,electronics,0.0582,3110077031.41,8471;8517;8528,3,https://comtrade.un.org/data/?r=DEU&p=all&px=HS&cc=8471&y=2019;https://comtrade.un.org/data/?r=DEU&p=all&px=HS&cc=8517&y=2019;https://comtrade.un.org/data/?r=DEU&p=all&px=HS&cc=8528&y=2019,2019
AUT,semiconductors,DEU,semiconductors,semiconductors,0.0575,390770356.87,8541,1,https://comtrade.un.org/data/?r=DEU&p=all&px=HS&cc=8541&y=2019,2019
CHN,semiconductors,USA,semiconductors,semiconductors,0.0573,2542962571.0,8541;8542,2,https://comtrade.un.org/data/?r=USA&p=all&px=HS&cc=8541&y=2019;https://comtrade.un.org/data/?r=USA&p=all&px=HS&cc=8542&y=2019,2019
MYS,semiconductors,JPN,semiconductors,semiconductors,0.0555,1303272072.18,8541;8542,2,https://comtrade.un.org/data/?r=JPN&p=all&px=HS&cc=8541&y=2019;https://comtrade.un.org/data/?r=JPN&p=all&px=HS&cc=8542&y=2019,2019
VNM,electronics,MEX,electronics,electronics,0.0555,757079632.0,8517,1,https://comtrade.un.org/data/?r=MEX&p=all&px=HS&cc=8517&y=2019,2019
THA,semiconductors,DEU,semiconductors,semiconductors,0.0553,940756856.25,8542,1,https://comtrade.un.org/data/?r=DEU&p=all&px=HS&cc=8542&y=2019,2019
GBR,automotive,USA,automotive,automotive,0.0551,9899719708.0,8703,1,https://comtrade.un.org/data/?r=USA&p=all&px=HS&cc=8703&y=2019,2019
JPN,semiconductors,DEU,semiconductors,semiconductors,0.0551,1310344543.62,8541;8542,2,https://comtrade.un.org/data/?r=DEU&p=all&px=HS&cc=8541&y=2019;https://comtrade.un.org/data/?r=DEU&p=all&px=HS&cc=8542&y=2019,2019
JPN,semiconductors,NLD,semiconductors,semiconductors,0.0543,149548009.69,8541,1,https://comtrade.un.org/data/?r=NLD&p=all&px=HS&cc=8541&y=2019,2019
BRA,automotive,MEX,automotive,automotive,0.0543,648625606.0,8703;8704,2,https://comtrade.un.org/data/?r=MEX&p=all&px=HS&cc=8703&y=2019;https://comtrade.un.org/data/?r=MEX&p=all&px=HS&cc=8704&y=2019,2019
THA,electronics,JPN,electronics,electronics,0.0541,2455170934.33,8471;8517;8528,3,https://comtrade.un.org/data/?r=JPN&p=all&px=HS&cc=8471&y=2019;https://comtrade.un.org/data/?r=JPN&p=all&px=HS&cc=8517&y=2019;https://comtrade.un.org/data/?r=JPN&p=all&px=HS&cc=8528&y=2019,2019
AUT,semiconductors,MYS,semiconductors,semiconductors,0.0538,163405525.96,8541,1,https://comtrade.un.org/data/?r=MYS&p=all&px=HS&cc=8541&y=2019,2019
IDN,automotive,JPN,automotive,automotive,0.0537,461249368.65,8704;8708,2,https://comtrade.un.org/data/?r=JPN&p=all&px=HS&cc=8704&y=2019;https://comtrade.un.org/data/?r=JPN&p=all&px=HS&cc=8708&y=2019,2019
NLD,automotive,CHN,automotive,automotive,0.0536,60553843.0,8704,1,https://comtrade.un.org/data/?r=CHN&p=all&px=HS&cc=8704&y=2019,2019
VNM,semiconductors,IND,semiconductors,semiconductors,0.0536,171857568.77,8541,1,https://comtrade.un.org/data/?r=IND&p=all&px=HS&cc=8541&y=2019,2019
SWE,automotive,NLD,automotive,automotive,0.0535,1136567760.41,8703;8704;8708,3,https://comtrade.un.org/data/?r=NLD&p=all&px=HS&cc=8703&y=2019;https://comtrade.un.org/data/?r=NLD&p=all&px=HS&cc=8704&y=2019;https://comtrade.un.org/data/?r=NLD&p=all&px=HS&cc=8708&y=2019,2019
THA,automotive,MEX,automotive,automotive,0.0535,639584741.0,8703;8704,2,https://comtrade.un.org/data/?r=MEX&p=all&px=HS&cc=8703&y=2019;https://comtrade.un.org/data/?r=MEX&p=all&px=HS&cc=8704&y=2019,2019
USA,semiconductors,MEX,semiconductors,semiconductors,0.0534,1315112687.0,8541;8542,2,https://comtrade.un.org/data/?r=MEX&p=all&px=HS&cc=8541&y=2019;https://comtrade.un.org/data/?r=MEX&p=all&px=HS&cc=8542&y=2019,2019
GBR,automotive,THA,automotive,automotive,0.0532,83140180.04,8703,1,https://comtrade.un.org/data/?r=THA&p=all&px=HS&cc=8703&y=2019,2019
IND,automotive,VNM,automotive,automotive,0.0525,158372575.11,8704;8708,2,https://comtrade.un.org/data/?r=VNM&p=all&px=HS&cc=8704&y=2019;https://comtrade.un.org/data/?r=VNM&p=all&px=HS&cc=8708&y=2019,2019
SGP,electronics,VNM,electronics,electronics,0.0523,106482386.67,8471,1,https://comtrade.un.org/data/?r=VNM&p=all&px=HS&cc=8471&y=2019,2019
POL,electronics,CHN,electronics,electronics,0.0516,40539426.0,8528,1,https://comtrade.un.org/data/?r=CHN&p=all&px=HS&cc=8528&y=2019,2019
ITA,automotive,DEU,automotive,automotive,0.0513,6179742527.31,8703;8704;8708,3,https://comtrade.un.org/data/?r=DEU&p=all&px=HS&cc=8703&y=2019;https://comtrade.un.org/data/?r=DEU&p=all&px=HS&cc=8704&y=2019;https://comtrade.un.org/data/?r=DEU&p=all&px=HS&cc=8708&y=2019,2019
POL,automotive,TWN,automotive,automotive,0.051,9573895.53,8704,1,https://comtrade.un.org/data/?r=TWN&p=all&px=HS&cc=8704&y=2019,2019
IDN,electronics,MYS,electronics,electronics,0.0508,226336782.8,8517;8528,2,https://comtrade.un.org/data/?r=MYS&p=all&px=HS&cc=8517&y=2019;https://comtrade.un.org/data/?r=MYS&p=all&px=HS&cc=8528&y=2019,2019
S19,electronics,USA,electronics,electronics,0.0504,9736497502.0,8471;8517,2,https://comtrade.un.org/data/?r=USA&p=all&px=HS&cc=8471&y=2019;https://comtrade.un.org/data/?r=USA&p=all&px=HS&cc=8517&y=2019,2019
KOR,semiconductors,MYS,semiconductors,semiconductors,0.0504,1762416587.82,8541;8542,2,https://comtrade.un.org/data/?r=MYS&p=all&px=HS&cc=8541&y=2019;https://comtrade.un.org/data/?r=MYS&p=all&px=HS&cc=8542&y=2019,2019
ARG,automotive,MEX,automotive,automotive,0.0495,103414896.0,8704,1,https://comtrade.un.org/data/?r=MEX&p=all&px=HS&cc=8704&y=2019,2019
AUT,automotive,JPN,automotive,automotive,0.0493,598304836.96,8703,1,https://comtrade.un.org/data/?r=JPN&p=all&px=HS&cc=8703&y=2019,2019
ESP,automotive,IND,automotive,automotive,0.0481,10660829.96,8703,1,https://comtrade.un.org/data/?r=IND&p=all&px=HS&cc=8703&y=2019,2019
JPN,semiconductors,USA,semiconductors,semiconductors,0.048,2132175931.0,8541;8542,2,https://comtrade.un.org/data/?r=USA&p=all&px=HS&cc=8541&y=2019;https://comtrade.un.org/data/?r=USA&p=all&px=HS&cc=8542&y=2019,2019
KOR,automotive,MEX,automotive,automotive,0.048,1777472409.0,8703;8708,2,https://comtrade.un.org/data/?r=MEX&p=all&px=HS&cc=8703&y=2019;https://comtrade.un.org/data/?r=MEX&p=all&px=HS&cc=8708&y=2019,2019
DEU,electronics,NLD,electronics,electronics,0.0474,1932848760.79,8471;8517;8528,3,https://comtrade.un.org/data/?r=NLD&p=all&px=HS&cc=8471&y=2019;https://comtrade.un.org/data/?r=NLD&p=all&px=HS&cc=8517&y=2019;https://comtrade.un.org/data/?r=NLD&p=all&px=HS&cc=8528&y=2019,2019
HUN,semiconductors,DEU,semiconductors,semiconductors,0.0473,321230830.17,8541,1,https://comtrade.un.org/data/?r=DEU&p=all&px=HS&cc=8541&y=2019,2019
SGP,automotive,IND,automotive,automotive,0.0472,208104550.37,8703;8708,2,https://comtrade.un.org/data/?r=IND&p=all&px=HS&cc=8703&y=2019;https://comtrade.un.org/data/?r=IND&p=all&px=HS&cc=8708&y=2019,2019
KOR,automotive,NLD,automotive,automotive,0.0467,587705310.55,8703,1,https://comtrade.un.org/data/?r=NLD&p=all&px=HS&cc=8703&y=2019,2019
PHL,semiconductors,MEX,semiconductors,semiconductors,0.0467,1149673288.0,8541;8542,2,https://comtrade.un.org/data/?r=MEX&p=all&px=HS&cc=8541&y=2019;https://comtrade.un.org/data/?r=MEX&p=all&px=HS&cc=8542&y=2019,2019
POL,electronics,DEU,electronics,electronics,0.0464,2482501451.4,8471;8517;8528,3,https://comtrade.un.org/data/?r=DEU&p=all&px=HS&cc=8471&y=2019;https://comtrade.un.org/data/?r=DEU&p=all&px=HS&cc=8517&y=2019;https://comtrade.un.org/data/?r=DEU&p=all&px=HS&cc=8528&y=2019,2019
NLD,electronics,TWN,electronics,electronics,0.0463,162768975.6,8471,1,https://comtrade.un.org/data/?r=TWN&p=all&px=HS&cc=8471&y=2019,2019
CZE,electronics,NLD,electronics,electronics,0.0463,1725055005.38,8471;8517,2,https://comtrade.un.org/data/?r=NLD&p=all&px=HS&cc=8471&y=2019;https://comtrade.un.org/data/?r=NLD&p=all&px=HS&cc=8517&y=2019,2019
USA,electronics,MYS,electronics,electronics,0.0463,314990626.84,8471;8517,2,https://comtrade.un.org/data/?r=MYS&p=all&px=HS&cc=8471&y=2019;https://comtrade.un.org/data/?r=MYS&p=all&px=HS&cc=8517&y=2019,2019
MYS,electronics,MEX,electronics,electronics,0.0456,1082919712.0,8471;8517,2,https://comtrade.un.org/data/?r=MEX&p=all&px=HS&cc=8471&y=2019;https://comtrade.un.org/data/?r=MEX&p=all&px=HS&cc=8517&y=2019,2019
USA,electronics,CHN,electronics,electronics,0.0452,35501035.0,8528,1,https://comtrade.un.org/data/?r=CHN&p=all&px=HS&cc=8528&y=2019,2019
SGP,semiconductors,THA,semiconductors,semiconductors,0.0452,508851324.24,8542,1,https://comtrade.un.org/data/?r=THA&p=all&px=HS&cc=8542&y=2019,2019
THA,electronics,VNM,electronics,electronics,0.0445,90533443.43,8471,1,https://comtrade.un.org/data/?r=VNM&p=all&px=HS&cc=8471&y=2019,2019
THA,semiconductors,IND,semiconductors,semiconductors,0.0442,141955051.03,8541,1,https://comtrade.un.org/data/?r=IND&p=all&px=HS&cc=8541&y=2019,2019
MYS,semiconductors,KOR,semiconductors,semiconductors,0.0441,1796858829.0,8541;8542,2,https://comtrade.un.org/data/?r=KOR&p=all&px=HS&cc=8541&y=2019;https://comtrade.un.org/data/?r=KOR&p=all&px=HS&cc=8542&y=2019,2019
USA,semiconductors,CHN,semiconductors,semiconductors,0.0435,14451819583.0,8541;8542,2,https://comtrade.un.org/data/?r=CHN&p=all&px=HS&cc=8541&y=2019;https://comtrade.un.org/data/?r=CHN&p=all&px=HS&cc=8542&y=2019,2019
VNM,semiconductors,CHN,semiconductors,semiconductors,0.0435,13320925485.0,8542,1,https://comtrade.un.org/data/?r=CHN&p=all&px=HS&cc=8542&y=2019,2019
THA,semiconductors,THA,semiconductors,semiconductors,0.0433,569386857.22,8541;8542,2,https://comtrade.un.org/data/?r=THA&p=all&px=HS&cc=8541&y=2019;https://comtrade.un.org/data/?r=THA&p=all&px=HS&cc=8542&y=2019,2019
ESP,automotive,NLD,automotive,automotive,0.043,646295106.84,8703;8704,2,https://comtrade.un.org/data/?r=NLD&p=all&px=HS&cc=8703&y=2019;https://comtrade.un.org/data/?r=NLD&p=all&px=HS&cc=8704&y=2019,2019
SGP,semiconductors,KOR,semiconductors,semiconductors,0.0429,1533056843.0,8542,1,https://comtrade.un.org/data/?r=KOR&p=all&px=HS&cc=8542&y=2019,2019
FRA,semiconductors,NLD,semiconductors,semiconductors,0.0428,690856924.13,8541;8542,2,https://comtrade.un.org/data/?r=NLD&p=all&px=HS&cc=8541&y=2019;https://comtrade.un.org/data/?r=NLD&p=all&px=HS&cc=8542&y=2019,2019
BEL,automotive,DEU,automotive,automotive,0.0424,3393757423.32,8703;8704,2,https://comtrade.un.org/data/?r=DEU&p=all&px=HS&cc=8703&y=2019;https://comtrade.un.org/data/?r=DEU&p=all&px=HS&cc=8704&y=2019,2019
MEX,semiconductors,USA,semiconductors,semiconductors,0.0421,1870722504.0,8541;8542,2,https://comtrade.un.org/data/?r=USA&p=all&px=HS&cc=8541&y=2019;https://comtrade.un.org/data/?r=USA&p=all&px=HS&cc=8542&y=2019,2019
PHL,electronics,NLD,electronics,electronics,0.0418,149455872.46,8528,1,https://comtrade.un.org/data/?r=NLD&p=all&px=HS&cc=8528&y=2019,2019
CAN,automotive,MEX,automotive,automotive,0.0418,1547870866.0,8703;8708,2,https://comtrade.un.org/data/?r=MEX&p=all&px=HS&cc=8703&y=2019;https://comtrade.un.org/data/?r=MEX&p=all&px=HS&cc=8708&y=2019,2019
KOR,electronics,USA,electronics,electronics,0.0416,4234487188.0,8517,1,https://comtrade.un.org/data/?r=USA&p=all&px=HS&cc=8517&y=2019,2019
IDN,automotive,TWN,automotive,automotive,0.0416,7822807.64,8704,1,https://comtrade.un.org/data/?r=TWN&p=all&px=HS&cc=8704&y=2019,2019
USA,electronics,IND,electronics,electronics,0.0416,844447400.15,8471;8517,2,https://comtrade.un.org/data/?r=IND&p=all&px=HS&cc=8471&y=2019;https://comtrade.un.org/data/?r=IND&p=all&px=HS&cc=8517&y=2019,2019
HKG,semiconductors,NLD,semiconductors,semiconductors,0.0415,669884276.03,8541;8542,2,https://comtrade.un.org/data/?r=NLD&p=all&px=HS&cc=8541&y=2019;https://comtrade.un.org/data/?r=NLD&p=all&px=HS&cc=8542&y=2019,2019
FRA,automotive,KOR,automotive,automotive,0.0413,173913298.0,8704;8708,2,https://comtrade.un.org/data/?r=KOR&p=all&px=HS&cc=8704&y=2019;https://comtrade.un.org/data/?r=KOR&p=all&px=HS&cc=8708&y=2019,2019
PHL,automotive,THA,automotive,automotive,0.041,275026144.94,8708,1,https://comtrade.un.org/data/?r=THA&p=all&px=HS&cc=8708&y=2019,2019
HUN,electronics,NLD,electronics,electronics,0.0409,760435844.53,8471;8528,2,https://comtrade.un.org/data/?r=NLD&p=all&px=HS&cc=8471&y=2019;https://comtrade.un.org/data/?r=NLD&p=all&px=HS&cc=8528&y=2019,2019
THA,electronics,IND,electronics,electronics,0.0409,359166043.6,8471;8528,2,https://comtrade.un.org/data/?r=IND&p=all&px=HS&cc=8471&y=2019;https://comtrade.un.org/data/?r=IND&p=all&px=HS&cc=8528&y=2019,2019
MEX,automotive,CHN,automotive,automotive,0.0407,1027895429.0,8708,1,https://comtrade.un.org/data/?r=CHN&p=all&px=HS&cc=8708&y=2019,2019
HUN,electronics,CHN,electronics,electronics,0.0402,31580850.0,8528,1,https://comtrade.un.org/data/?r=CHN&p=all&px=HS&cc=8528&y=2019,2019
GBR,automotive,DEU,automotive,automotive,0.0398,4488306571.82,8703;8708,2,https://comtrade.un.org/data/?r=DEU&p=all&px=HS&cc=8703&y=2019;https://comtrade.un.org/data/?r=DEU&p=all&px=HS&cc=8708&y=2019,2019
SGP,electronics,TWN,electronics,electronics,0.0397,139729715.8,8471,1,https://comtrade.un.org/data/?r=TWN&p=all&px=HS&cc=8471&y=2019,2019
THA,automotive,THA,automotive,automotive,0.0397,72063796.73,8703;8704,2,https://comtrade.un.org/data/?r=THA&p=all&px=HS&cc=8703&y=2019;https://comtrade.un.org/data/?r=THA&p=all&px=HS&cc=8704&y=2019,2019
KOR,electronics,JPN,electronics,electronics,0.0386,146623142.62,8528,1,https://comtrade.un.org/data/?r=JPN&p=all&px=HS&cc=8528&y=2019,2019
CZE,automotive,NLD,automotive,automotive,0.0385,724167276.8,8703;8708,2,https://comtrade.un.org/data/?r=NLD&p=all&px=HS&cc=8703&y=2019;https://comtrade.un.org/data/?r=NLD&p=all&px=HS&cc=8708&y=2019,2019
GBR,automotive,NLD,automotive,automotive,0.0385,816654557.79,8703;8704;8708,3,https://comtrade.un.org/data/?r=NLD&p=all&px=HS&cc=8703&y=2019;https://comtrade.un.org/data/?r=NLD&p=all&px=HS&cc=8704&y=2019;https://comtrade.un.org/data/?r=NLD&p=all&px=HS&cc=8708&y=2019,2019
USA,electronics,JPN,electronics,electronics,0.0384,1740865404.09,8471;8517;8528,3,https://comtrade.un.org/data/?r=JPN&p=all&px=HS&cc=8471&y=2019;https://comtrade.un.org/data/?r=JPN&p=all&px=HS&cc=8517&y=2019;https://comtrade.un.org/data/?r=JPN&p=all&px=HS&cc=8528&y=2019,2019
GBR,electronics,DEU,electronics,electronics,0.0384,883094347.96,8517,1,https://comtrade.un.org/data/?r=DEU&p=all&px=HS&cc=8517&y=2019,2019
THA,semiconductors,VNM,semiconductors,semiconductors,0.0384,175177250.02,8541,1,https://comtrade.un.org/data/?r=VNM&p=all&px=HS&cc=8541&y=2019,2019
DEU,automotive,VNM,automotive,automotive,0.0384,164230486.0,8703;8708,2,https://comtrade.un.org/data/?r=VNM&p=all&px=HS&cc=8703&y=2019;https://comtrade.un.org/data/?r=VNM&p=all&px=HS&cc=8708&y=2019,2019
TUR,electronics,DEU,electronics,electronics,0.0382,228054045.31,8528,1,https://comtrade.un.org/data/?r=DEU&p=all&px=HS&cc=8528&y=2019,2019
JPN,semiconductors,MEX,semiconductors,semiconductors,0.0379,934391466.0,8541;8542,2,https://comtrade.un.org/data/?r=MEX&p=all&px=HS&cc=8541&y=2019;https://comtrade.un.org/data/?r=MEX&p=all&px=HS&cc=8542&y=2019,2019
ZAF,automotive,JPN,automotive,automotive,0.0378,458250255.07,8703,1,https://comtrade.un.org/data/?r=JPN&p=all&px=HS&cc=8703&y=2019,2019
NLD,semiconductors,DEU,semiconductors,semiconductors,0.0378,898978689.02,8541;8542,2,https://comtrade.un.org/data/?r=DEU&p=all&px=HS&cc=8541&y=2019;https://comtrade.un.org/data/?r=DEU&p=all&px=HS&cc=8542&y=2019,2019
CHN,automotive,DEU,automotive,automotive,0.0374,1504736990.56,8708,1,https://comtrade.un.org/data/?r=DEU&p=all&px=HS&cc=8708&y=2019,2019
VNM,semiconductors,TWN,semiconductors,semiconductors,0.0369,1980922203.2,8542,1,https://comtrade.un.org/data/?r=TWN&p=all&px=HS&cc=8542&y=2019,2019
CAN,semiconductors,USA,semiconductors,semiconductors,0.0365,1207561773.0,8542,1,https://comtrade.un.org/data/?r=USA&p=all&px=HS&cc=8542&y=2019,2019
POL,electronics,NLD,electronics,electronics,0.0365,679951078.51,8471;8528,2,https://comtrade.un.org/data/?r=NLD&p=all&px=HS&cc=8471&y=2019;https://comtrade.un.org/data/?r=NLD&p=all&px=HS&cc=8528&y=2019,2019
THA,semiconductors,USA,semiconductors,semiconductors,0.036,1599561555.0,8541;8542,2,https://comtrade.un.org/data/?r=USA&p=all&px=HS&cc=8541&y=2019;https://comtrade.un.org/data/?r=USA&p=all&px=HS&cc=8542&y=2019,2019
PHL,semiconductors,USA,semiconductors,semiconductors,0.0357,1182645484.0,8542,1,https://comtrade.un.org/data/?r=USA&p=all&px=HS&cc=8542&y=2019,2019
MEX,electronics,NLD,electronics,electronics,0.0357,793923997.5,8517,1,https://comtrade.un.org/data/?r=NLD&p=all&px=HS&cc=8517&y=2019,2019
JPN,semiconductors,IND,semiconductors,semiconductors,0.0356,114072740.0,8541,1,https://comtrade.un.org/data/?r=IND&p=all&px=HS&cc=8541&y=2019,2019
S19,electronics,IND,electronics,electronics,0.0354,310599116.48,8471;8528,2,https://comtrade.un.org/data/?r=IND&p=all&px=HS&cc=8471&y=2019;https://comtrade.un.org/data/?r=IND&p=all&px=HS&cc=8528&y=2019,2019
JPN,electronics,CHN,electronics,electronics,0.0349,1514928861.0,8517;8528,2,https://comtrade.un.org/data/?r=CHN&p=all&px=HS&cc=8517&y=2019;https://comtrade.un.org/data/?r=CHN&p=all&px=HS&cc=8528&y=2019,2019
SGP,electronics,JPN,electronics,electronics,0.0348,601530981.25,8471,1,https://comtrade.un.org/data/?r=JPN&p=all&px=HS&cc=8471&y=2019,2019
DEU,semiconductors,TWN,semiconductors,semiconductors,0.0346,82361844.5,8541,1,https://comtrade.un.org/data/?r=TWN&p=all&px=HS&cc=8541&y=2019,2019
S19,electronics,NLD,electronics,electronics,0.0345,519201137.15,8471,1,https://comtrade.un.org/data/?r=NLD&p=all&px=HS&cc=8471&y=2019,2019
ZAF,automotive,MEX,automotive,automotive,0.0342,71394702.0,8704,1,https://comtrade.un.org/data/?r=MEX&p=all&px=HS&cc=8704&y=2019,2019
PHL,semiconductors,THA,semiconductors,semiconductors,0.034,447055525.12,8541;8542,2,https://comtrade.un.org/data/?r=THA&p=all&px=HS&cc=8541&y=2019;https://comtrade.un.org/data/?r=THA&p=all&px=HS&cc=8542&y=2019,2019
THA,electronics,USA,electronics,electronics,0.0339,7352028570.0,8471;8517;8528,3,https://comtrade.un.org/data/?r=USA&p=all&px=HS&cc=8471&y=2019;https://comtrade.un.org/data/?r=USA&p=all&px=HS&cc=8517&y=2019;https://comtrade.un.org/data/?r=USA&p=all&px=HS&cc=8528&y=2019,2019
BEL,electronics,NLD,electronics,electronics,0.0338,1380402531.98,8471;8517;8528,3,https://comtrade.un.org/data/?r=NLD&p=all&px=HS&cc=8471&y=2019;https://comtrade.un.org/data/?r=NLD&p=all&px=HS&cc=8517&y=2019;https://comtrade.un.org/data/?r=NLD&p=all&px=HS&cc=8528&y=2019,2019
THA,semiconductors,CHN,semiconductors,semiconductors,0.0337,882935917.0,8541,1,https://comtrade.un.org/data/?r=CHN&p=all&px=HS&cc=8541&y=2019,2019
THA,semiconductors,TWN,semiconductors,semiconductors,0.0336,80154537.82,8541,1,https://comtrade.un.org/data/?r=TWN&p=all&px=HS&cc=8541&y=2019,2019
S19,electronics,JPN,electronics,electronics,0.0335,706565046.29,8471;8528,2,https://comtrade.un.org/data/?r=JPN&p=all&px=HS&cc=8471&y=2019;https://comtrade.un.org/data/?r=JPN&p=all&px=HS&cc=8528&y=2019,2019
MEX,electronics,CHN,electronics,electronics,0.0333,26211749.0,8528,1,https://comtrade.un.org/data/?r=CHN&p=all&px=HS&cc=8528&y=2019,2019
JPN,automotive,DEU,automotive,automotive,0.0333,3756099524.1,8703;8708,2,https://comtrade.un.org/data/?r=DEU&p=all&px=HS&cc=8703&y=2019;https://comtrade.un.org/data/?r=DEU&p=all&px=HS&cc=8708&y=2019,2019
THA,semiconductors,JPN,semiconductors,semiconductors,0.0332,777948475.78,8541;8542,2,https://comtrade.un.org/data/?r=JPN&p=all&px=HS&cc=8541&y=2019;https://comtrade.un.org/data/?r=JPN&p=all&px=HS&cc=8542&y=2019,2019
SVK,electronics,NLD,electronics,electronics,0.0328,117285275.93,8528,1,https://comtrade.un.org/data/?r=NLD&p=all&px=HS&cc=8528&y=2019,2019
MEX,automotive,JPN,automotive,automotive,0.0327,661989423.62,8703;8708,2,https://comtrade.un.org/data/?r=JPN&p=all&px=HS&cc=8703&y=2019;https://comtrade.un.org/data/?r=JPN&p=all&px=HS&cc=8708&y=2019,2019
SGP,semiconductors,JPN,semiconductors,semiconductors,0.0322,596529700.29,8542,1,https://comtrade.un.org/data/?r=JPN&p=all&px=HS&cc=8542&y=2019,2019
GBR,semiconductors,DEU,semiconductors,semiconductors,0.0322,548231604.39,8542,1,https://comtrade.un.org/data/?r=DEU&p=all&px=HS&cc=8542&y=2019,2019
FRA,semiconductors,DEU,semiconductors,semiconductors,0.0321,545206653.96,8542,1,https://comtrade.un.org/data/?r=DEU&p=all&px=HS&cc=8542&y=2019,2019
JPN,electronics,VNM,electronics,electronics,0.0318,37347742.42,8528,1,https://comtrade.un.org/data/?r=VNM&p=all&px=HS&cc=8528&y=2019,2019
SVN,automotive,DEU,automotive,automotive,0.0316,240432875.6,8704,1,https://comtrade.un.org/data/?r=DEU&p=all&px=HS&cc=8704&y=2019,2019
SWE,automotive,KOR,automotive,automotive,0.0316,362025810.0,8703;8704,2,https://comtrade.un.org/data/?r=KOR&p=all&px=HS&cc=8703&y=2019;https://comtrade.un.org/data/?r=KOR&p=all&px=HS&cc=8704&y=2019,2019
CHN,automotive,NLD,automotive,automotive,0.0313,194231018.99,8708,1,https://comtrade.un.org/data/?r=NLD&p=all&px=HS&cc=8708&y=2019,2019
IND,automotive,THA,automotive,automotive,0.0313,218133219.34,8704;8708,2,https://comtrade.un.org/data/?r=THA&p=all&px=HS&cc=8704&y=2019;https://comtrade.un.org/data/?r=THA&p=all&px=HS&cc=8708&y=2019,2019
DEU,semiconductors,MYS,semiconductors,semiconductors,0.0308,1076466685.54,8541;8542,2,https://comtrade.un.org/data/?r=MYS&p=all&px=HS&cc=8541&y=2019;https://comtrade.un.org/data/?r=MYS&p=all&px=HS&cc=8542&y=2019,2019
THA,electronics,NLD,electronics,electronics,0.0307,1142631509.8,8471;8517,2,https://comtrade.un.org/data/?r=NLD&p=all&px=HS&cc=8471&y=2019;https://comtrade.un.org/data/?r=NLD&p=all&px=HS&cc=8517&y=2019,2019
HUN,electronics,DEU,electronics,electronics,0.0303,1617726739.84,8471;8517;8528,3,https://comtrade.un.org/data/?r=DEU&p=all&px=HS&cc=8471&y=2019;https://comtrade.un.org/data/?r=DEU&p=all&px=HS&cc=8517&y=2019;https://comtrade.un.org/data/?r=DEU&p=all&px=HS&cc=8528&y=2019,2019
MYS,electronics,JPN,electronics,electronics,0.0301,843942350.16,8517;8528,2,https://comtrade.un.org/data/?r=JPN&p=all&px=HS&cc=8517&y=2019;https://comtrade.un.org/data/?r=JPN&p=all&px=HS&cc=8528&y=2019,2019
USA,electronics,DEU,electronics,electronics,0.0297,1589641738.24,8471;8517;8528,3,https://comtrade.un.org/data/?r=DEU&p=all&px=HS&cc=8471&y=2019;https://comtrade.un.org/data/?r=DEU&p=all&px=HS&cc=8517&y=2019;https://comtrade.un.org/data/?r=DEU&p=all&px=HS&cc=8528&y=2019,2019
AUT,automotive,KOR,automotive,automotive,0.0296,338902689.0,8703;8704,2,https://comtrade.un.org/data/?r=KOR&p=all&px=HS&cc=8703&y=2019;https://comtrade.un.org/data/?r=KOR&p=all&px=HS&cc=8704&y=2019,2019
IRL,electronics,KOR,electronics,electronics,0.0296,198264924.0,8471,1,https://comtrade.un.org/data/?r=KOR&p=all&px=HS&cc=8471&y=2019,2019
FRA,automotive,JPN,automotive,automotive,0.0295,358185930.54,8703,1,https://comtrade.un.org/data/?r=JPN&p=all&px=HS&cc=8703&y=2019,2019
JPN,electronics,THA,electronics,electronics,0.0294,230311142.74,8517;8528,2,https://comtrade.un.org/data/?r=THA&p=all&px=HS&cc=8517&y=2019;https://comtrade.un.org/data/?r=THA&p=all&px=HS&cc=8528&y=2019,2019
PHL,semiconductors,MYS,semiconductors,semiconductors,0.0292,933423345.4,8542,1,https://comtrade.un.org/data/?r=MYS&p=all&px=HS&cc=8542&y=2019,2019
S19,electronics,MYS,electronics,electronics,0.0292,80867708.18,8471,1,https://comtrade.un.org/data/?r=MYS&p=all&px=HS&cc=8471&y=2019,2019
GBR,automotive,TWN,automotive,automotive,0.029,160291924.86,8703,1,https://comtrade.un.org/data/?r=TWN&p=all&px=HS&cc=8703&y=2019,2019
PHL,electronics,JPN,electronics,electronics,0.0289,109835378.79,8528,1,https://comtrade.un.org/data/?r=JPN&p=all&px=HS&cc=8528&y=2019,2019
THA,electronics,KOR,electronics,electronics,0.0289,193714079.0,8471,1,https://comtrade.un.org/data/?r=KOR&p=all&px=HS&cc=8471&y=2019,2019
GBR,automotive,MYS,automotive,automotive,0.0284,58055714.33,8703,1,https://comtrade.un.org/data/?r=MYS&p=all&px=HS&cc=8703&y=2019,2019
PHL,semiconductors,TWN,semiconductors,semiconductors,0.0283,67423421.82,8541,1,https://comtrade.un.org/data/?r=TWN&p=all&px=HS&cc=8541&y=2019,2019
SWE,automotive,TWN,automotive,automotive,0.0279,197000432.52,8703;8708,2,https://comtrade.un.org/data/?r=TWN&p=all&px=HS&cc=8703&y=2019;https://comtrade.un.org/data/?r=TWN&p=all&px=HS&cc=8708&y=2019,2019
SVK,automotive,KOR,automotive,automotive,0.0277,307565440.0,8703,1,https://comtrade.un.org/data/?r=KOR&p=all&px=HS&cc=8703&y=2019,2019
USA,electronics,TWN,electronics,electronics,0.0276,255012939.06,8471;8517,2,https://comtrade.un.org/data/?r=TWN&p=all&px=HS&cc=8471&y=2019;https://comtrade.un.org/data/?r=TWN&p=all&px=HS&cc=8517&y=2019,2019
SVK,automotive,THA,automotive,automotive,0.0276,43060776.02,8703,1,https://comtrade.un.org/data/?r=THA&p=all&px=HS&cc=8703&y=2019,2019
MYS,electronics,USA,electronics,electronics,0.0272,2775970639.0,8517,1,https://comtrade.un.org/data/?r=USA&p=all&px=HS&cc=8517&y=2019,2019
VNM,automotive,KOR,automotive,automotive,0.0271,104873527.0,8708,1,https://comtrade.un.org/data/?r=KOR&p=all&px=HS&cc=8708&y=2019,2019
SVK,automotive,MEX,automotive,automotive,0.0271,266988355.0,8703,1,https://comtrade.un.org/data/?r=MEX&p=all&px=HS&cc=8703&y=2019,2019
ITA,automotive,NLD,automotive,automotive,0.0267,231404672.3,8704;8708,2,https://comtrade.un.org/data/?r=NLD&p=all&px=HS&cc=8704&y=2019;https://comtrade.un.org/data/?r=NLD&p=all&px=HS&cc=8708&y=2019,2019
S19,automotive,JPN,automotive,automotive,0.0266,216387908.38,8708,1,https://comtrade.un.org/data/?r=JPN&p=all&px=HS&cc=8708&y=2019,2019
USA,electronics,VNM,electronics,electronics,0.0265,53827700.8,8471,1,https://comtrade.un.org/data/?r=VNM&p=all&px=HS&cc=8471&y=2019,2019
MYS,electronics,IND,electronics,electronics,0.0265,232817056.04,8471;8528,2,https://comtrade.un.org/data/?r=IND&p=all&px=HS&cc=8471&y=2019;https://comtrade.un.org/data/?r=IND&p=all&px=HS&cc=8528&y=2019,2019
NLD,automotive,TWN,automotive,automotive,0.0264,40424601.95,8708,1,https://comtrade.un.org/data/?r=TWN&p=all&px=HS&cc=8708&y=2019,2019
SWE,automotive,JPN,automotive,automotive,0.0263,330490165.48,8703;8704,2,https://comtrade.un.org/data/?r=JPN&p=all&px=HS&cc=8703&y=2019;https://comtrade.un.org/data/?r=JPN&p=all&px=HS&cc=8704&y=2019,2019
ITA,automotive,TWN,automotive,automotive,0.0263,4944134.02,8704,1,https://comtrade.un.org/data/?r=TWN&p=all&px=HS&cc=8704&y=2019,2019
PHL,electronics,TWN,electronics,electronics,0.0262,92219012.43,8471,1,https://comtrade.un.org/data/?r=TWN&p=all&px=HS&cc=8471&y=2019,2019
USA,semiconductors,NLD,semiconductors,semiconductors,0.026,347786753.51,8542,1,https://comtrade.un.org/data/?r=NLD&p=all&px=HS&cc=8542&y=2019,2019
THA,electronics,DEU,electronics,electronics,0.0257,629516373.5,8471,1,https://comtrade.un.org/data/?r=DEU&p=all&px=HS&cc=8471&y=2019,2019
MEX,automotive,IND,automotive,automotive,0.0257,107688372.99,8708,1,https://comtrade.un.org/data/?r=IND&p=all&px=HS&cc=8708&y=2019,2019
S19,automotive,USA,automotive,automotive,0.0256,1781327214.0,8708,1,https://comtrade.un.org/data/?r=USA&p=all&px=HS&cc=8708&y=2019,2019
IRL,semiconductors,JPN,semiconductors,semiconductors,0.0256,474405590.51,8542,1,https://comtrade.un.org/data/?r=JPN&p=all&px=HS&cc=8542&y=2019,2019
TUR,automotive,DEU,automotive,automotive,0.0256,1223722534.78,8704;8708,2,https://comtrade.un.org/data/?r=DEU&p=all&px=HS&cc=8704&y=2019;https://comtrade.un.org/data/?r=DEU&p=all&px=HS&cc=8708&y=2019,2019
IRL,semiconductors,USA,semiconductors,semiconductors,0.0255,842092316.0,8542,1,https://comtrade.un.org/data/?r=USA&p=all&px=HS&cc=8542&y=2019,2019
PHL,electronics,DEU,electronics,electronics,0.0254,151479720.79,8528,1,https://comtrade.un.org/data/?r=DEU&p=all&px=HS&cc=8528&y=2019,2019
S19,electronics,DEU,electronics,electronics,0.0252,1194111980.23,8471;8517,2,https://comtrade.un.org/data/?r=DEU&p=all&px=HS&cc=8471&y=2019;https://comtrade.un.org/data/?r=DEU&p=all&px=HS&cc=8517&y=2019,2019
MYS,electronics,TWN,electronics,electronics,0.0251,103300400.53,8471;8528,2,https://comtrade.un.org/data/?r=TWN&p=all&px=HS&cc=8471&y=2019;https://comtrade.un.org/data/?r=TWN&p=all&px=HS&cc=8528&y=2019,2019
VNM,semiconductors,KOR,semiconductors,semiconductors,0.025,125137630.0,8541,1,https://comtrade.un.org/data/?r=KOR&p=all&px=HS&cc=8541&y=2019,2019
IND,automotive,KOR,automotive,automotive,0.0248,95713692.0,8708,1,https://comtrade.un.org/data/?r=KOR&p=all&px=HS&cc=8708&y=2019,2019
SGP,electronics,THA,electronics,electronics,0.0248,100288079.26,8471,1,https://comtrade.un.org/data/?r=THA&p=all&px=HS&cc=8471&y=2019,2019
MEX,electronics,IND,electronics,electronics,0.0248,335047342.0,8517,1,https://comtrade.un.org/data/?r=IND&p=all&px=HS&cc=8517&y=2019,2019
IRL,electronics,IND,electronics,electronics,0.0246,166476059.66,8471,1,https://comtrade.un.org/data/?r=IND&p=all&px=HS&cc=8471&y=2019,2019
_X,electronics,TWN,electronics,electronics,0.0245,226223743.6,8471;8517,2,https://comtrade.un.org/data/?r=TWN&p=all&px=HS&cc=8471&y=2019;https://comtrade.un.org/data/?r=TWN&p=all&px=HS&cc=8517&y=2019,2019
ESP,automotive,MEX,automotive,automotive,0.0245,242166286.0,8703,1,https://comtrade.un.org/data/?r=MEX&p=all&px=HS&cc=8703&y=2019,2019
USA,automotive,NLD,automotive,automotive,0.0244,459036627.29,8703;8708,2,https://comtrade.un.org/data/?r=NLD&p=all&px=HS&cc=8703&y=2019;https://comtrade.un.org/data/?r=NLD&p=all&px=HS&cc=8708&y=2019,2019
SWE,automotive,CHN,automotive,automotive,0.0242,1167902430.0,8703;8704,2,https://comtrade.un.org/data/?r=CHN&p=all&px=HS&cc=8703&y=2019;https://comtrade.un.org/data/?r=CHN&p=all&px=HS&cc=8704&y=2019,2019
IRL,electronics,NLD,electronics,electronics,0.0241,898994196.08,8471;8517,2,https://comtrade.un.org/data/?r=NLD&p=all&px=HS&cc=8471&y=2019;https://comtrade.un.org/data/?r=NLD&p=all&px=HS&cc=8517&y=2019,2019
NLD,automotive,VNM,automotive,automotive,0.0239,54358752.41,8708,1,https://comtrade.un.org/data/?r=VNM&p=all&px=HS&cc=8708&y=2019,2019
USA,electronics,THA,electronics,electronics,0.0238,96208168.34,8471,1,https://comtrade.un.org/data/?r=THA&p=all&px=HS&cc=8471&y=2019,2019
JPN,automotive,NLD,automotive,automotive,0.0236,203794182.88,8704;8708,2,https://comtrade.un.org/data/?r=NLD&p=all&px=HS&cc=8704&y=2019;https://comtrade.un.org/data/?r=NLD&p=all&px=HS&cc=8708&y=2019,2019
FRA,automotive,CHN,automotive,automotive,0.0235,592603980.0,8708,1,https://comtrade.un.org/data/?r=CHN&p=all&px=HS&cc=8708&y=2019,2019
GBR,electronics,NLD,electronics,electronics,0.0234,519791834.85,8517,1,https://comtrade.un.org/data/?r=NLD&p=all&px=HS&cc=8517&y=2019,2019
GBR,semiconductors,THA,semiconductors,semiconductors,0.0233,262663509.95,8542,1,https://comtrade.un.org/data/?r=THA&p=all&px=HS&cc=8542&y=2019,2019
USA,automotive,VNM,automotive,automotive,0.0232,46414337.2,8703,1,https://comtrade.un.org/data/?r=VNM&p=all&px=HS&cc=8703&y=2019,2019
PHL,semiconductors,CHN,semiconductors,semiconductors,0.0231,7674292836.0,8541;8542,2,https://comtrade.un.org/data/?r=CHN&p=all&px=HS&cc=8541&y=2019;https://comtrade.un.org/data/?r=CHN&p=all&px=HS&cc=8542&y=2019,2019
HUN,automotive,JPN,automotive,automotive,0.0231,280751495.47,8703,1,https://comtrade.un.org/data/?r=JPN&p=all&px=HS&cc=8703&y=2019,2019
BEL,automotive,JPN,automotive,automotive,0.0229,277362025.22,8703,1,https://comtrade.un.org/data/?r=JPN&p=all&px=HS&cc=8703&y=2019,2019
ITA,automotive,KOR,automotive,automotive,0.0229,254357882.0,8703,1,https://comtrade.un.org/data/?r=KOR&p=all&px=HS&cc=8703&y=2019,2019
PHL,automotive,JPN,automotive,automotive,0.0228,185695442.53,8708,1,https://comtrade.un.org/data/?r=JPN&p=all&px=HS&cc=8708&y=2019,2019
SGP,semiconductors,CHN,semiconductors,semiconductors,0.0227,7538402708.0,8541;8542,2,https://comtrade.un.org/data/?r=CHN&p=all&px=HS&cc=8541&y=2019;https://comtrade.un.org/data/?r=CHN&p=all&px=HS&cc=8542&y=2019,2019
HKG,semiconductors,KOR,semiconductors,semiconductors,0.0227,809368345.0,8542,1,https://comtrade.un.org/data/?r=KOR&p=all&px=HS&cc=8542&y=2019,2019
KOR,electronics,IND,electronics,electronics,0.0227,45597633.93,8528,1,https://comtrade.un.org/data/?r=IND&p=all&px=HS&cc=8528&y=2019,2019
DEU,semiconductors,CHN,semiconductors,semiconductors,0.0225,587751120.0,8541,1,https://comtrade.un.org/data/?r=CHN&p=all&px=HS&cc=8541&y=2019,2019
THA,semiconductors,MYS,semiconductors,semiconductors,0.0225,785311450.33,8541;8542,2,https://comtrade.un.org/data/?r=MYS&p=all&px=HS&cc=8541&y=2019;https://comtrade.un.org/data/?r=MYS&p=all&px=HS&cc=8542&y=2019,2019
PHL,electronics,MYS,electronics,electronics,0.0225,9245620.59,8528,1,https://comtrade.un.org/data/?r=MYS&p=all&px=HS&cc=8528&y=2019,2019
MEX,automotive,THA,automotive,automotive,0.0225,150709386.98,8708,1,https://comtrade.un.org/data/?r=THA&p=all&px=HS&cc=8708&y=2019,2019
ITA,automotive,IND,automotive,automotive,0.0223,98501740.61,8703;8708,2,https://comtrade.un.org/data/?r=IND&p=all&px=HS&cc=8703&y=2019;https://comtrade.un.org/data/?r=IND&p=all&px=HS&cc=8708&y=2019,2019
THA,semiconductors,MEX,semiconductors,semiconductors,0.022,542289894.0,8541;8542,2,https://comtrade.un.org/data/?r=MEX&p=all&px=HS&cc=8541&y=2019;https://comtrade.un.org/data/?r=MEX&p=all&px=HS&cc=8542&y=2019,2019
DEU,semiconductors,USA,semiconductors,semiconductors,0.0219,247452693.0,8541,1,https://comtrade.un.org/data/?r=USA&p=all&px=HS&cc=8541&y=2019,2019
ITA,automotive,THA,automotive,automotive,0.0219,34194493.95,8703,1,https://comtrade.un.org/data/?r=THA&p=all&px=HS&cc=8703&y=2019,2019
IRL,semiconductors,MYS,semiconductors,semiconductors,0.0217,691449372.14,8542,1,https://comtrade.un.org/data/?r=MYS&p=all&px=HS&cc=8542&y=2019,2019
SGP,semiconductors,USA,semiconductors,semiconductors,0.0216,244377737.0,8541,1,https://comtrade.un.org/data/?r=USA&p=all&px=HS&cc=8541&y=2019,2019
SVK,automotive,USA,automotive,automotive,0.0215,3867287061.0,8703,1,https://comtrade.un.org/data/?r=USA&p=all&px=HS&cc=8703&y=2019,2019
S19,electronics,VNM,electronics,electronics,0.0215,43690159.79,8471,1,https://comtrade.un.org/data/?r=VNM&p=all&px=HS&cc=8471&y=2019,2019
CZE,automotive,CHN,automotive,automotive,0.0213,538481333.0,8708,1,https://comtrade.un.org/data/?r=CHN&p=all&px=HS&cc=8708&y=2019,2019
IRL,electronics,DEU,electronics,electronics,0.0212,518363228.02,8471,1,https://comtrade.un.org/data/?r=DEU&p=all&px=HS&cc=8471&y=2019,2019
VNM,semiconductors,JPN,semiconductors,semiconductors,0.021,104070585.86,8541,1,https://comtrade.un.org/data/?r=JPN&p=all&px=HS&cc=8541&y=2019,2019
MEX,electronics,KOR,electronics,electronics,0.0209,140223781.0,8471,1,https://comtrade.un.org/data/?r=KOR&p=all&px=HS&cc=8471&y=2019,2019
SGP,electronics,CHN,electronics,electronics,0.0208,636673481.0,8471,1,https://comtrade.un.org/data/?r=CHN&p=all&px=HS&cc=8471&y=2019,2019
THA,semiconductors,KOR,semiconductors,semiconductors,0.0208,103863822.0,8541,1,https://comtrade.un.org/data/?r=KOR&p=all&px=HS&cc=8541&y=2019,2019
KOR,electronics,DEU,electronics,electronics,0.0207,630816699.02,8471;8528,2,https://comtrade.un.org/data/?r=DEU&p=all&px=HS&cc=8471&y=2019;https://comtrade.un.org/data/?r=DEU&p=all&px=HS&cc=8528&y=2019,2019
S19,electronics,KOR,electronics,electronics,0.0207,139054180.0,8471,1,https://comtrade.un.org/data/?r=KOR&p=all&px=HS&cc=8471&y=2019,2019
SVK,automotive,NLD,automotive,automotive,0.0206,259214893.32,8703,1,https://comtrade.un.org/data/?r=NLD&p=all&px=HS&cc=8703&y=2019,2019
ZAF,automotive,KOR,automotive,automotive,0.0205,227425369.0,8703,1,https://comtrade.un.org/data/?r=KOR&p=all&px=HS&cc=8703&y=2019,2019
CZE,automotive,TWN,automotive,automotive,0.0205,113086046.79,8703,1,https://comtrade.un.org/data/?r=TWN&p=all&px=HS&cc=8703&y=2019,2019
SWE,automotive,MYS,automotive,automotive,0.0204,54040200.37,8708,1,https://comtrade.un.org/data/?r=MYS&p=all&px=HS&cc=8708&y=2019,2019
THA,automotive,KOR,automotive,automotive,0.0201,77573561.0,8708,1,https://comtrade.un.org/data/?r=KOR&p=all&px=HS&cc=8708&y=2019,2019
MEX,automotive,TWN,automotive,automotive,0.0201,30811353.21,8708,1,https://comtrade.un.org/data/?r=TWN&p=all&px=HS&cc=8708&y=2019,2019
KOR,automotive,MYS,automotive,automotive,0.0201,53199819.04,8708,1,https://comtrade.un.org/data/?r=MYS&p=all&px=HS&cc=8708&y=2019,2019
KOR,automotive,DEU,automotive,automotive,0.02,1451855329.75,8703,1,https://comtrade.un.org/data/?r=DEU&p=all&px=HS&cc=8703&y=2019,2019
