country_iso3,sector,present,_source_origin
ARE,semiconductors,false,denormalized from expanded_graph_nodes_v2.csv
ARE,automotive,false,denormalized from expanded_graph_nodes_v2.csv
ARE,electronics,false,denormalized from expanded_graph_nodes_v2.csv
ARE,aerospace,false,denormalized from expanded_graph_nodes_v2.csv
ARE,shipping,true,denormalized from expanded_graph_nodes_v2.csv
ARE,energy,true,denormalized from expanded_graph_nodes_v2.csv
ARE,consumer_goods,true,denormalized from expanded_graph_nodes_v2.csv
ARE,banking,true,denormalized from expanded_graph_nodes_v2.csv
ARE,insurance,false,denormalized from expanded_graph_nodes_v2.csv
ARE,capital_markets,false,denormalized from expanded_graph_nodes_v2.csv
ARE,oil,true,denormalized from expanded_graph_nodes_v2.csv
ARE,gas,false,denormalized from expanded_graph_nodes_v2.csv
ARE,utilities,true,denormalized from expanded_graph_nodes_v2.csv
ARE,aviation,true,denormalized from expanded_graph_nodes_v2.csv
ARE,ports,true,denormalized from expanded_graph_nodes_v2.csv
ARE,telecommunications,true,denormalized from expanded_graph_nodes_v2.csv
ARE,agriculture,true,denormalized from expanded_graph_nodes_v2.csv
ARE,tourism,true,denormalized from expanded_graph_nodes_v2.csv
ARE,government,true,denormalized from expanded_graph_nodes_v2.csv
ARG,semiconductors,false,denormalized from expanded_graph_nodes_v2.csv
ARG,automotive,true,denormalized from expanded_graph_nodes_v2.csv
ARG,electronics,false,denormalized from expanded_graph_nodes_v2.csv
ARG,aerospace,false,denormalized from expanded_graph_nodes_v2.csv
ARG,shipping,false,denormalized from expanded_graph_nodes_v2.csv
ARG,energy,false,denormalized from expanded_graph_nodes_v2.csv
ARG,consumer_goods,true,denormalized from expanded_graph_nodes_v2.csv
ARG,banking,true,denormalized from expanded_graph_nodes_v2.csv
ARG,insurance,false,denormalized from expanded_graph_nodes_v2.csv
ARG,capital_markets,false,denormalized from expanded_graph_nodes_v2.csv
ARG,oil,false,denormalized from expanded_graph_nodes_v2.csv
ARG,gas,false,denormalized from expanded_graph_nodes_v2.csv
ARG,utilities,true,denormalized from expanded_graph_nodes_v2.csv
ARG,aviation,false,denormalized from expanded_graph_nodes_v2.csv
ARG,ports,false,denormalized from expanded_graph_nodes_v2.csv
ARG,telecommunications,true,denormalized from expanded_graph_nodes_v2.csv
ARG,agriculture,true,denormalized from expanded_graph_nodes_v2.csv
ARG,tourism,true,denormalized from expanded_graph_nodes_v2.csv
ARG,government,true,denormalized from expanded_graph_nodes_v2.csv
AUS,semiconductors,false,denormalized from expanded_graph_nodes_v2.csv
AUS,automotive,false,denormalized from expanded_graph_nodes_v2.csv
AUS,electronics,false,denormalized from expanded_graph_nodes_v2.csv
AUS,aerospace,false,denormalized from expanded_graph_nodes_v2.csv
AUS,shipping,false,denormalized from expanded_graph_nodes_v2.csv
AUS,energy,true,denormalized from expanded_graph_nodes_v2.csv
AUS,consumer_goods,true,denormalized from expanded_graph_nodes_v2.csv
AUS,banking,true,denormalized from expanded_graph_nodes_v2.csv
AUS,insurance,true,denormalized from expanded_graph_nodes_v2.csv
AUS,capital_markets,true,denormalized from expanded_graph_nodes_v2.csv
AUS,oil,false,denormalized from expanded_graph_nodes_v2.csv
AUS,gas,true,denormalized from expanded_graph_nodes_v2.csv
AUS,utilities,true,denormalized from expanded_graph_nodes_v2.csv
AUS,aviation,true,denormalized from expanded_graph_nodes_v2.csv
AUS,ports,false,denormalized from expanded_graph_nodes_v2.csv
AUS,telecommunications,true,denormalized from expanded_graph_nodes_v2.csv
AUS,agriculture,true,denormalized from expanded_graph_nodes_v2.csv
AUS,tourism,true,denormalized from expanded_graph_nodes_v2.csv
AUS,government,true,denormalized from expanded_graph_nodes_v2.csv
BEL,semiconductors,false,denormalized from expanded_graph_nodes_v2.csv
BEL,automotive,false,denormalized from expanded_graph_nodes_v2.csv
BEL,electronics,false,denormalized from expanded_graph_nodes_v2.csv
BEL,aerospace,false,denormalized from expanded_graph_nodes_v2.csv
BEL,shipping,true,denormalized from expanded_graph_nodes_v2.csv
BEL,energy,false,denormalized from expanded_graph_nodes_v2.csv
BEL,consumer_goods,true,denormalized from expanded_graph_nodes_v2.csv
BEL,banking,true,denormalized from expanded_graph_nodes_v2.csv
BEL,insurance,false,denormalized from expanded_graph_nodes_v2.csv
BEL,capital_markets,false,denormalized from expanded_graph_nodes_v2.csv
BEL,oil,false,denormalized from expanded_graph_nodes_v2.csv
BEL,gas,false,denormalized from expanded_graph_nodes_v2.csv
BEL,utilities,true,denormalized from expanded_graph_nodes_v2.csv
BEL,aviation,false,denormalized from expanded_graph_nodes_v2.csv
BEL,ports,true,denormalized from expanded_graph_nodes_v2.csv
BEL,telecommunications,true,denormalized from expanded_graph_nodes_v2.csv
BEL,agriculture,true,denormalized from expanded_graph_nodes_v2.csv
BEL,tourism,true,denormalized from expanded_graph_nodes_v2.csv
BEL,government,true,denormalized from expanded_graph_nodes_v2.csv
BGD,semiconductors,false,denormalized from expanded_graph_nodes_v2.csv
BGD,automotive,false,denormalized from expanded_graph_nodes_v2.csv
BGD,electronics,false,denormalized from expanded_graph_nodes_v2.csv
BGD,aerospace,false,denormalized from expanded_graph_nodes_v2.csv
BGD,shipping,false,denormalized from expanded_graph_nodes_v2.csv
BGD,energy,false,denormalized from expanded_graph_nodes_v2.csv
BGD,consumer_goods,true,denormalized from expanded_graph_nodes_v2.csv
BGD,banking,true,denormalized from expanded_graph_nodes_v2.csv
BGD,insurance,false,denormalized from expanded_graph_nodes_v2.csv
BGD,capital_markets,false,denormalized from expanded_graph_nodes_v2.csv
BGD,oil,false,denormalized from expanded_graph_nodes_v2.csv
BGD,gas,false,denormalized from expanded_graph_nodes_v2.csv
BGD,utilities,true,denormalized from expanded_graph_nodes_v2.csv
BGD,aviation,false,denormalized from expanded_graph_nodes_v2.csv
BGD,ports,false,denormalized from expanded_graph_nodes_v2.csv
BGD,telecommunications,true,denormalized from expanded_graph_nodes_v2.csv
BGD,agriculture,true,denormalized from expanded_graph_nodes_v2.csv
BGD,tourism,true,denormalized from expanded_graph_nodes_v2.csv
BGD,government,true,denormalized from expanded_graph_nodes_v2.csv
BRA,semiconductors,false,denormalized from expanded_graph_nodes_v2.csv
BRA,automotive,true,denormalized from expanded_graph_nodes_v2.csv
BRA,electronics,false,denormalized from expanded_graph_nodes_v2.csv
BRA,aerospace,true,denormalized from expanded_graph_nodes_v2.csv
BRA,shipping,false,denormalized from expanded_graph_nodes_v2.csv
BRA,energy,true,denormalized from expanded_graph_nodes_v2.csv
BRA,consumer_goods,true,denormalized from expanded_graph_nodes_v2.csv
BRA,banking,true,denormalized from expanded_graph_nodes_v2.csv
BRA,insurance,false,denormalized from expanded_graph_nodes_v2.csv
BRA,capital_markets,false,denormalized from expanded_graph_nodes_v2.csv
BRA,oil,true,denormalized from expanded_graph_nodes_v2.csv
BRA,gas,false,denormalized from expanded_graph_nodes_v2.csv
BRA,utilities,true,denormalized from expanded_graph_nodes_v2.csv
BRA,aviation,true,denormalized from expanded_graph_nodes_v2.csv
BRA,ports,true,denormalized from expanded_graph_nodes_v2.csv
BRA,telecommunications,true,denormalized from expanded_graph_nodes_v2.csv
BRA,agriculture,true,denormalized from expanded_graph_nodes_v2.csv
BRA,tourism,true,denormalized from expanded_graph_nodes_v2.csv
BRA,government,true,denormalized from expanded_graph_nodes_v2.csv
CAN,semiconductors,false,denormalized from expanded_graph_nodes_v2.csv
CAN,automotive,true,denormalized from expanded_graph_nodes_v2.csv
CAN,electronics,false,denormalized from expanded_graph_nodes_v2.csv
CAN,aerospace,true,denormalized from expanded_graph_nodes_v2.csv
CAN,shipping,false,denormalized from expanded_graph_nodes_v2.csv
CAN,energy,true,denormalized from expanded_graph_nodes_v2.csv
CAN,consumer_goods,true,denormalized from expanded_graph_nodes_v2.csv
CAN,banking,true,denormalized from expanded_graph_nodes_v2.csv
CAN,insurance,true,denormalized from expanded_graph_nodes_v2.csv
CAN,capital_markets,true,denormalized from expanded_graph_nodes_v2.csv
CAN,oil,true,denormalized from expanded_graph_nodes_v2.csv
CAN,gas,true,denormalized from expanded_graph_nodes_v2.csv
CAN,utilities,true,denormalized from expanded_graph_nodes_v2.csv
CAN,aviation,true,denormalized from expanded_graph_nodes_v2.csv
CAN,ports,false,denormalized from expanded_graph_nodes_v2.csv
CAN,telecommunications,true,denormalized from expanded_graph_nodes_v2.csv
CAN,agriculture,true,denormalized from expanded_graph_nodes_v2.csv
CAN,tourism,true,denormalized from expanded_graph_nodes_v2.csv
CAN,government,true,denormalized from expanded_graph_nodes_v2.csv
CHE,semiconductors,false,denormalized from expanded_graph_nodes_v2.csv
CHE,automotive,false,denormalized from expanded_graph_nodes_v2.csv
CHE,electronics,false,denormalized from expanded_graph_nodes_v2.csv
CHE,aerospace,false,denormalized from expanded_graph_nodes_v2.csv
CHE,shipping,false,denormalized from expanded_graph_nodes_v2.csv
CHE,energy,false,denormalized from expanded_graph_nodes_v2.csv
CHE,consumer_goods,true,denormalized from expanded_graph_nodes_v2.csv
CHE,banking,true,denormalized from expanded_graph_nodes_v2.csv
CHE,insurance,true,denormalized from expanded_graph_nodes_v2.csv
CHE,capital_markets,true,denormalized from expanded_graph_nodes_v2.csv
CHE,oil,false,denormalized from expanded_graph_nodes_v2.csv
CHE,gas,false,denormalized from expanded_graph_nodes_v2.csv
CHE,utilities,true,denormalized from expanded_graph_nodes_v2.csv
CHE,aviation,false,denormalized from expanded_graph_nodes_v2.csv
CHE,ports,false,denormalized from expanded_graph_nodes_v2.csv
CHE,telecommunications,true,denormalized from expanded_graph_nodes_v2.csv
CHE,agriculture,true,denormalized from expanded_graph_nodes_v2.csv
CHE,tourism,true,denormalized from expanded_graph_nodes_v2.csv
CHE,government,true,denormalized from expanded_graph_nodes_v2.csv
CHN,semiconductors,true,denormalized from expanded_graph_nodes_v2.csv
CHN,automotive,true,denormalized from expanded_graph_nodes_v2.csv
CHN,electronics,true,denormalized from expanded_graph_nodes_v2.csv
CHN,aerospace,true,denormalized from expanded_graph_nodes_v2.csv
CHN,shipping,true,denormalized from expanded_graph_nodes_v2.csv
CHN,energy,true,denormalized from expanded_graph_nodes_v2.csv
CHN,consumer_goods,true,denormalized from expanded_graph_nodes_v2.csv
CHN,banking,true,denormalized from expanded_graph_nodes_v2.csv
CHN,insurance,true,denormalized from expanded_graph_nodes_v2.csv
CHN,capital_markets,true,denormalized from expanded_graph_nodes_v2.csv
CHN,oil,false,denormalized from expanded_graph_nodes_v2.csv
CHN,gas,true,denormalized from expanded_graph_nodes_v2.csv
CHN,utilities,true,denormalized from expanded_graph_nodes_v2.csv
CHN,aviation,true,denormalized from expanded_graph_nodes_v2.csv
CHN,ports,true,denormalized from expanded_graph_nodes_v2.csv
CHN,telecommunications,true,denormalized from expanded_graph_nodes_v2.csv
CHN,agriculture,true,denormalized from expanded_graph_nodes_v2.csv
CHN,tourism,true,denormalized from expanded_graph_nodes_v2.csv
CHN,government,true,denormalized from expanded_graph_nodes_v2.csv
DEU,semiconductors,true,denormalized from expanded_graph_nodes_v2.csv
DEU,automotive,true,denormalized from expanded_graph_nodes_v2.csv
DEU,electronics,true,denormalized from expanded_graph_nodes_v2.csv
DEU,aerospace,true,denormalized from expanded_graph_nodes_v2.csv
DEU,shipping,true,denormalized from expanded_graph_nodes_v2.csv
DEU,energy,false,denormalized from expanded_graph_nodes_v2.csv
DEU,consumer_goods,true,denormalized from expanded_graph_nodes_v2.csv
DEU,banking,true,denormalized from expanded_graph_nodes_v2.csv
DEU,insurance,true,denormalized from expanded_graph_nodes_v2.csv
DEU,capital_markets,true,denormalized from expanded_graph_nodes_v2.csv
DEU,oil,false,denormalized from expanded_graph_nodes_v2.csv
DEU,gas,true,denormalized from expanded_graph_nodes_v2.csv
DEU,utilities,true,denormalized from expanded_graph_nodes_v2.csv
DEU,aviation,true,denormalized from expanded_graph_nodes_v2.csv
DEU,ports,true,denormalized from expanded_graph_nodes_v2.csv
DEU,telecommunications,true,denormalized from expanded_graph_nodes_v2.csv
DEU,agriculture,true,denormalized from expanded_graph_nodes_v2.csv
DEU,tourism,true,denormalized from expanded_graph_nodes_v2.csv
DEU,government,true,denormalized from expanded_graph_nodes_v2.csv
EGY,semiconductors,false,denormalized from expanded_graph_nodes_v2.csv
EGY,automotive,false,denormalized from expanded_graph_nodes_v2.csv
EGY,electronics,false,denormalized from expanded_graph_nodes_v2.csv
EGY,aerospace,false,denormalized from expanded_graph_nodes_v2.csv
EGY,shipping,true,denormalized from expanded_graph_nodes_v2.csv
EGY,energy,false,denormalized from expanded_graph_nodes_v2.csv
EGY,consumer_goods,true,denormalized from expanded_graph_nodes_v2.csv
EGY,banking,true,denormalized from expanded_graph_nodes_v2.csv
EGY,insurance,false,denormalized from expanded_graph_nodes_v2.csv
EGY,capital_markets,false,denormalized from expanded_graph_nodes_v2.csv
EGY,oil,false,denormalized from expanded_graph_nodes_v2.csv
EGY,gas,true,denormalized from expanded_graph_nodes_v2.csv
EGY,utilities,true,denormalized from expanded_graph_nodes_v2.csv
EGY,aviation,false,denormalized from expanded_graph_nodes_v2.csv
EGY,ports,true,denormalized from expanded_graph_nodes_v2.csv
EGY,telecommunications,true,denormalized from expanded_graph_nodes_v2.csv
EGY,agriculture,true,denormalized from expanded_graph_nodes_v2.csv
EGY,tourism,true,denormalized from expanded_graph_nodes_v2.csv
EGY,government,true,denormalized from expanded_graph_nodes_v2.csv
ESP,semiconductors,false,denormalized from expanded_graph_nodes_v2.csv
ESP,automotive,true,denormalized from expanded_graph_nodes_v2.csv
ESP,electronics,false,denormalized from expanded_graph_nodes_v2.csv
ESP,aerospace,true,denormalized from expanded_graph_nodes_v2.csv
ESP,shipping,false,denormalized from expanded_graph_nodes_v2.csv
ESP,energy,false,denormalized from expanded_graph_nodes_v2.csv
ESP,consumer_goods,true,denormalized from expanded_graph_nodes_v2.csv
ESP,banking,true,denormalized from expanded_graph_nodes_v2.csv
ESP,insurance,false,denormalized from expanded_graph_nodes_v2.csv
ESP,capital_markets,false,denormalized from expanded_graph_nodes_v2.csv
ESP,oil,false,denormalized from expanded_graph_nodes_v2.csv
ESP,gas,false,denormalized from expanded_graph_nodes_v2.csv
ESP,utilities,true,denormalized from expanded_graph_nodes_v2.csv
ESP,aviation,true,denormalized from expanded_graph_nodes_v2.csv
ESP,ports,true,denormalized from expanded_graph_nodes_v2.csv
ESP,telecommunications,true,denormalized from expanded_graph_nodes_v2.csv
ESP,agriculture,true,denormalized from expanded_graph_nodes_v2.csv
ESP,tourism,true,denormalized from expanded_graph_nodes_v2.csv
ESP,government,true,denormalized from expanded_graph_nodes_v2.csv
ETH,semiconductors,false,denormalized from expanded_graph_nodes_v2.csv
ETH,automotive,false,denormalized from expanded_graph_nodes_v2.csv
ETH,electronics,false,denormalized from expanded_graph_nodes_v2.csv
ETH,aerospace,false,denormalized from expanded_graph_nodes_v2.csv
ETH,shipping,false,denormalized from expanded_graph_nodes_v2.csv
ETH,energy,false,denormalized from expanded_graph_nodes_v2.csv
ETH,consumer_goods,true,denormalized from expanded_graph_nodes_v2.csv
ETH,banking,true,denormalized from expanded_graph_nodes_v2.csv
ETH,insurance,false,denormalized from expanded_graph_nodes_v2.csv
ETH,capital_markets,false,denormalized from expanded_graph_nodes_v2.csv
ETH,oil,false,denormalized from expanded_graph_nodes_v2.csv
ETH,gas,false,denormalized from expanded_graph_nodes_v2.csv
ETH,utilities,true,denormalized from expanded_graph_nodes_v2.csv
ETH,aviation,false,denormalized from expanded_graph_nodes_v2.csv
ETH,ports,false,denormalized from expanded_graph_nodes_v2.csv
ETH,telecommunications,true,denormalized from expanded_graph_nodes_v2.csv
ETH,agriculture,true,denormalized from expanded_graph_nodes_v2.csv
ETH,tourism,true,denormalized from expanded_graph_nodes_v2.csv
ETH,government,true,denormalized from expanded_graph_nodes_v2.csv
FRA,semiconductors,false,denormalized from expanded_graph_nodes_v2.csv
FRA,automotive,true,denormalized from expanded_graph_nodes_v2.csv
FRA,electronics,false,denormalized from expanded_graph_nodes_v2.csv
FRA,aerospace,true,denormalized from expanded_graph_nodes_v2.csv
FRA,shipping,false,denormalized from expanded_graph_nodes_v2.csv
FRA,energy,false,denormalized from expanded_graph_nodes_v2.csv
FRA,consumer_goods,true,denormalized from expanded_graph_nodes_v2.csv
FRA,banking,true,denormalized from expanded_graph_nodes_v2.csv
FRA,insurance,true,denormalized from expanded_graph_nodes_v2.csv
FRA,capital_markets,true,denormalized from expanded_graph_nodes_v2.csv
FRA,oil,false,denormalized from expanded_graph_nodes_v2.csv
FRA,gas,false,denormalized from expanded_graph_nodes_v2.csv
FRA,utilities,true,denormalized from expanded_graph_nodes_v2.csv
FRA,aviation,true,denormalized from expanded_graph_nodes_v2.csv
FRA,ports,false,denormalized from expanded_graph_nodes_v2.csv
FRA,telecommunications,true,denormalized from expanded_graph_nodes_v2.csv
FRA,agriculture,true,denormalized from expanded_graph_nodes_v2.csv
FRA,tourism,true,denormalized from expanded_graph_nodes_v2.csv
FRA,government,true,denormalized from expanded_graph_nodes_v2.csv
GBR,semiconductors,false,denormalized from expanded_graph_nodes_v2.csv
GBR,automotive,true,denormalized from expanded_graph_nodes_v2.csv
GBR,electronics,false,denormalized from expanded_graph_nodes_v2.csv
GBR,aerospace,true,denormalized from expanded_graph_nodes_v2.csv
GBR,shipping,true,denormalized from expanded_graph_nodes_v2.csv
GBR,energy,false,denormalized from expanded_graph_nodes_v2.csv
GBR,consumer_goods,true,denormalized from expanded_graph_nodes_v2.csv
GBR,banking,true,denormalized from expanded_graph_nodes_v2.csv
GBR,insurance,true,denormalized from expanded_graph_nodes_v2.csv
GBR,capital_markets,true,denormalized from expanded_graph_nodes_v2.csv
GBR,oil,false,denormalized from expanded_graph_nodes_v2.csv
GBR,gas,false,denormalized from expanded_graph_nodes_v2.csv
GBR,utilities,true,denormalized from expanded_graph_nodes_v2.csv
GBR,aviation,true,denormalized from expanded_graph_nodes_v2.csv
GBR,ports,false,denormalized from expanded_graph_nodes_v2.csv
GBR,telecommunications,true,denormalized from expanded_graph_nodes_v2.csv
GBR,agriculture,true,denormalized from expanded_graph_nodes_v2.csv
GBR,tourism,true,denormalized from expanded_graph_nodes_v2.csv
GBR,government,true,denormalized from expanded_graph_nodes_v2.csv
GRC,semiconductors,false,denormalized from expanded_graph_nodes_v2.csv
GRC,automotive,false,denormalized from expanded_graph_nodes_v2.csv
GRC,electronics,false,denormalized from expanded_graph_nodes_v2.csv
GRC,aerospace,false,denormalized from expanded_graph_nodes_v2.csv
GRC,shipping,true,denormalized from expanded_graph_nodes_v2.csv
GRC,energy,false,denormalized from expanded_graph_nodes_v2.csv
GRC,consumer_goods,true,denormalized from expanded_graph_nodes_v2.csv
GRC,banking,true,denormalized from expanded_graph_nodes_v2.csv
GRC,insurance,false,denormalized from expanded_graph_nodes_v2.csv
GRC,capital_markets,false,denormalized from expanded_graph_nodes_v2.csv
GRC,oil,false,denormalized from expanded_graph_nodes_v2.csv
GRC,gas,false,denormalized from expanded_graph_nodes_v2.csv
GRC,utilities,true,denormalized from expanded_graph_nodes_v2.csv
GRC,aviation,false,denormalized from expanded_graph_nodes_v2.csv
GRC,ports,true,denormalized from expanded_graph_nodes_v2.csv
GRC,telecommunications,true,denormalized from expanded_graph_nodes_v2.csv
GRC,agriculture,true,denormalized from expanded_graph_nodes_v2.csv
GRC,tourism,true,denormalized from expanded_graph_nodes_v2.csv
GRC,government,true,denormalized from expanded_graph_nodes_v2.csv
HKG,semiconductors,false,denormalized from expanded_graph_nodes_v2.csv
HKG,automotive,false,denormalized from expanded_graph_nodes_v2.csv
HKG,electronics,true,denormalized from expanded_graph_nodes_v2.csv
HKG,aerospace,false,denormalized from expanded_graph_nodes_v2.csv
HKG,shipping,true,denormalized from expanded_graph_nodes_v2.csv
HKG,energy,false,denormalized from expanded_graph_nodes_v2.csv
HKG,consumer_goods,true,denormalized from expanded_graph_nodes_v2.csv
HKG,banking,true,denormalized from expanded_graph_nodes_v2.csv
HKG,insurance,true,denormalized from expanded_graph_nodes_v2.csv
HKG,capital_markets,true,denormalized from expanded_graph_nodes_v2.csv
HKG,oil,false,denormalized from expanded_graph_nodes_v2.csv
HKG,gas,false,denormalized from expanded_graph_nodes_v2.csv
HKG,utilities,true,denormalized from expanded_graph_nodes_v2.csv
HKG,aviation,true,denormalized from expanded_graph_nodes_v2.csv
HKG,ports,true,denormalized from expanded_graph_nodes_v2.csv
HKG,telecommunications,true,denormalized from expanded_graph_nodes_v2.csv
HKG,agriculture,true,denormalized from expanded_graph_nodes_v2.csv
HKG,tourism,true,denormalized from expanded_graph_nodes_v2.csv
HKG,government,true,denormalized from expanded_graph_nodes_v2.csv
IDN,semiconductors,false,denormalized from expanded_graph_nodes_v2.csv
IDN,automotive,false,denormalized from expanded_graph_nodes_v2.csv
IDN,electronics,false,denormalized from expanded_graph_nodes_v2.csv
IDN,aerospace,false,denormalized from expanded_graph_nodes_v2.csv
IDN,shipping,false,denormalized from expanded_graph_nodes_v2.csv
IDN,energy,false,denormalized from expanded_graph_nodes_v2.csv
IDN,consumer_goods,true,denormalized from expanded_graph_nodes_v2.csv
IDN,banking,true,denormalized from expanded_graph_nodes_v2.csv
IDN,insurance,false,denormalized from expanded_graph_nodes_v2.csv
IDN,capital_markets,false,denormalized from expanded_graph_nodes_v2.csv
IDN,oil,false,denormalized from expanded_graph_nodes_v2.csv
IDN,gas,false,denormalized from expanded_graph_nodes_v2.csv
IDN,utilities,true,denormalized from expanded_graph_nodes_v2.csv
IDN,aviation,false,denormalized from expanded_graph_nodes_v2.csv
IDN,ports,false,denormalized from expanded_graph_nodes_v2.csv
IDN,telecommunications,true,denormalized from expanded_graph_nodes_v2.csv
IDN,agriculture,true,denormalized from expanded_graph_nodes_v2.csv
IDN,tourism,true,denormalized from expanded_graph_nodes_v2.csv
IDN,government,true,denormalized from expanded_graph_nodes_v2.csv
IND,semiconductors,false,denormalized from expanded_graph_nodes_v2.csv
IND,automotive,true,denormalized from expanded_graph_nodes_v2.csv
IND,electronics,true,denormalized from expanded_graph_nodes_v2.csv
IND,aerospace,false,denormalized from expanded_graph_nodes_v2.csv
IND,shipping,false,denormalized from expanded_graph_nodes_v2.csv
IND,energy,true,denormalized from expanded_graph_nodes_v2.csv
IND,consumer_goods,true,denormalized from expanded_graph_nodes_v2.csv
IND,banking,true,denormalized from expanded_graph_nodes_v2.csv
IND,insurance,false,denormalized from expanded_graph_nodes_v2.csv
IND,capital_markets,true,denormalized from expanded_graph_nodes_v2.csv
IND,oil,false,denormalized from expanded_graph_nodes_v2.csv
IND,gas,false,denormalized from expanded_graph_nodes_v2.csv
IND,utilities,true,denormalized from expanded_graph_nodes_v2.csv
IND,aviation,true,denormalized from expanded_graph_nodes_v2.csv
IND,ports,true,denormalized from expanded_graph_nodes_v2.csv
IND,telecommunications,true,denormalized from expanded_graph_nodes_v2.csv
IND,agriculture,true,denormalized from expanded_graph_nodes_v2.csv
IND,tourism,true,denormalized from expanded_graph_nodes_v2.csv
IND,government,true,denormalized from expanded_graph_nodes_v2.csv
IRL,semiconductors,true,denormalized from expanded_graph_nodes_v2.csv
IRL,automotive,false,denormalized from expanded_graph_nodes_v2.csv
IRL,electronics,false,denormalized from expanded_graph_nodes_v2.csv
IRL,aerospace,false,denormalized from expanded_graph_nodes_v2.csv
IRL,shipping,false,denormalized from expanded_graph_nodes_v2.csv
IRL,energy,false,denormalized from expanded_graph_nodes_v2.csv
IRL,consumer_goods,true,denormalized from expanded_graph_nodes_v2.csv
IRL,banking,true,denormalized from expanded_graph_nodes_v2.csv
IRL,insurance,false,denormalized from expanded_graph_nodes_v2.csv
IRL,capital_markets,false,denormalized from expanded_graph_nodes_v2.csv
IRL,oil,false,denormalized from expanded_graph_nodes_v2.csv
IRL,gas,false,denormalized from expanded_graph_nodes_v2.csv
IRL,utilities,true,denormalized from expanded_graph_nodes_v2.csv
IRL,aviation,false,denormalized from expanded_graph_nodes_v2.csv
IRL,ports,false,denormalized from expanded_graph_nodes_v2.csv
IRL,telecommunications,true,denormalized from expanded_graph_nodes_v2.csv
IRL,agriculture,true,denormalized from expanded_graph_nodes_v2.csv
IRL,tourism,true,denormalized from expanded_graph_nodes_v2.csv
IRL,government,true,denormalized from expanded_graph_nodes_v2.csv
IRN,semiconductors,false,denormalized from expanded_graph_nodes_v2.csv
IRN,automotive,false,denormalized from expanded_graph_nodes_v2.csv
IRN,electronics,false,denormalized from expanded_graph_nodes_v2.csv
IRN,aerospace,false,denormalized from expanded_graph_nodes_v2.csv
IRN,shipping,false,denormalized from expanded_graph_nodes_v2.csv
IRN,energy,true,denormalized from expanded_graph_nodes_v2.csv
IRN,consumer_goods,true,denormalized from expanded_graph_nodes_v2.csv
IRN,banking,true,denormalized from expanded_graph_nodes_v2.csv
IRN,insurance,false,denormalized from expanded_graph_nodes_v2.csv
IRN,capital_markets,false,denormalized from expanded_graph_nodes_v2.csv
IRN,oil,true,denormalized from expanded_graph_nodes_v2.csv
IRN,gas,true,denormalized from expanded_graph_nodes_v2.csv
IRN,utilities,true,denormalized from expanded_graph_nodes_v2.csv
IRN,aviation,false,denormalized from expanded_graph_nodes_v2.csv
IRN,ports,false,denormalized from expanded_graph_nodes_v2.csv
IRN,telecommunications,true,denormalized from expanded_graph_nodes_v2.csv
IRN,agriculture,true,denormalized from expanded_graph_nodes_v2.csv
IRN,tourism,true,denormalized from expanded_graph_nodes_v2.csv
IRN,government,true,denormalized from expanded_graph_nodes_v2.csv
IRQ,semiconductors,false,denormalized from expanded_graph_nodes_v2.csv
IRQ,automotive,false,denormalized from expanded_graph_nodes_v2.csv
IRQ,electronics,false,denormalized from expanded_graph_nodes_v2.csv
IRQ,aerospace,false,denormalized from expanded_graph_nodes_v2.csv
IRQ,shipping,false,denormalized from expanded_graph_nodes_v2.csv
IRQ,energy,true,denormalized from expanded_graph_nodes_v2.csv
IRQ,consumer_goods,true,denormalized from expanded_graph_nodes_v2.csv
IRQ,banking,true,denormalized from expanded_graph_nodes_v2.csv
IRQ,insurance,false,denormalized from expanded_graph_nodes_v2.csv
IRQ,capital_markets,false,denormalized from expanded_graph_nodes_v2.csv
IRQ,oil,true,denormalized from expanded_graph_nodes_v2.csv
IRQ,gas,false,denormalized from expanded_graph_nodes_v2.csv
IRQ,utilities,true,denormalized from expanded_graph_nodes_v2.csv
IRQ,aviation,false,denormalized from expanded_graph_nodes_v2.csv
IRQ,ports,false,denormalized from expanded_graph_nodes_v2.csv
IRQ,telecommunications,true,denormalized from expanded_graph_nodes_v2.csv
IRQ,agriculture,true,denormalized from expanded_graph_nodes_v2.csv
IRQ,tourism,true,denormalized from expanded_graph_nodes_v2.csv
IRQ,government,true,denormalized from expanded_graph_nodes_v2.csv
ISR,semiconductors,true,denormalized from expanded_graph_nodes_v2.csv
ISR,automotive,false,denormalized from expanded_graph_nodes_v2.csv
ISR,electronics,false,denormalized from expanded_graph_nodes_v2.csv
ISR,aerospace,true,denormalized from expanded_graph_nodes_v2.csv
ISR,shipping,false,denormalized from expanded_graph_nodes_v2.csv
ISR,energy,false,denormalized from expanded_graph_nodes_v2.csv
ISR,consumer_goods,true,denormalized from expanded_graph_nodes_v2.csv
ISR,banking,true,denormalized from expanded_graph_nodes_v2.csv
ISR,insurance,false,denormalized from expanded_graph_nodes_v2.csv
ISR,capital_markets,false,denormalized from expanded_graph_nodes_v2.csv
ISR,oil,false,denormalized from expanded_graph_nodes_v2.csv
ISR,gas,false,denormalized from expanded_graph_nodes_v2.csv
ISR,utilities,true,denormalized from expanded_graph_nodes_v2.csv
ISR,aviation,false,denormalized from expanded_graph_nodes_v2.csv
ISR,ports,false,denormalized from expanded_graph_nodes_v2.csv
ISR,telecommunications,true,denormalized from expanded_graph_nodes_v2.csv
ISR,agriculture,true,denormalized from expanded_graph_nodes_v2.csv
ISR,tourism,true,denormalized from expanded_graph_nodes_v2.csv
ISR,government,true,denormalized from expanded_graph_nodes_v2.csv
ITA,semiconductors,false,denormalized from expanded_graph_nodes_v2.csv
ITA,automotive,true,denormalized from expanded_graph_nodes_v2.csv
ITA,electronics,false,denormalized from expanded_graph_nodes_v2.csv
ITA,aerospace,false,denormalized from expanded_graph_nodes_v2.csv
ITA,shipping,false,denormalized from expanded_graph_nodes_v2.csv
ITA,energy,false,denormalized from expanded_graph_nodes_v2.csv
ITA,consumer_goods,true,denormalized from expanded_graph_nodes_v2.csv
ITA,banking,true,denormalized from expanded_graph_nodes_v2.csv
ITA,insurance,true,denormalized from expanded_graph_nodes_v2.csv
ITA,capital_markets,false,denormalized from expanded_graph_nodes_v2.csv
ITA,oil,false,denormalized from expanded_graph_nodes_v2.csv
ITA,gas,false,denormalized from expanded_graph_nodes_v2.csv
ITA,utilities,true,denormalized from expanded_graph_nodes_v2.csv
ITA,aviation,true,denormalized from expanded_graph_nodes_v2.csv
ITA,ports,false,denormalized from expanded_graph_nodes_v2.csv
ITA,telecommunications,true,denormalized from expanded_graph_nodes_v2.csv
ITA,agriculture,true,denormalized from expanded_graph_nodes_v2.csv
ITA,tourism,true,denormalized from expanded_graph_nodes_v2.csv
ITA,government,true,denormalized from expanded_graph_nodes_v2.csv
JOR,semiconductors,false,denormalized from expanded_graph_nodes_v2.csv
JOR,automotive,false,denormalized from expanded_graph_nodes_v2.csv
JOR,electronics,false,denormalized from expanded_graph_nodes_v2.csv
JOR,aerospace,false,denormalized from expanded_graph_nodes_v2.csv
JOR,shipping,false,denormalized from expanded_graph_nodes_v2.csv
JOR,energy,false,denormalized from expanded_graph_nodes_v2.csv
JOR,consumer_goods,true,denormalized from expanded_graph_nodes_v2.csv
JOR,banking,true,denormalized from expanded_graph_nodes_v2.csv
JOR,insurance,false,denormalized from expanded_graph_nodes_v2.csv
JOR,capital_markets,false,denormalized from expanded_graph_nodes_v2.csv
JOR,oil,false,denormalized from expanded_graph_nodes_v2.csv
JOR,gas,false,denormalized from expanded_graph_nodes_v2.csv
JOR,utilities,true,denormalized from expanded_graph_nodes_v2.csv
JOR,aviation,false,denormalized from expanded_graph_nodes_v2.csv
JOR,ports,false,denormalized from expanded_graph_nodes_v2.csv
JOR,telecommunications,true,denormalized from expanded_graph_nodes_v2.csv
JOR,agriculture,true,denormalized from expanded_graph_nodes_v2.csv
JOR,tourism,true,denormalized from expanded_graph_nodes_v2.csv
JOR,government,true,denormalized from expanded_graph_nodes_v2.csv
JPN,semiconductors,true,denormalized from expanded_graph_nodes_v2.csv
JPN,automotive,true,denormalized from expanded_graph_nodes_v2.csv
JPN,electronics,true,denormalized from expanded_graph_nodes_v2.csv
JPN,aerospace,true,denormalized from expanded_graph_nodes_v2.csv
JPN,shipping,true,denormalized from expanded_graph_nodes_v2.csv
JPN,energy,false,denormalized from expanded_graph_nodes_v2.csv
JPN,consumer_goods,true,denormalized from expanded_graph_nodes_v2.csv
JPN,banking,true,denormalized from expanded_graph_nodes_v2.csv
JPN,insurance,true,denormalized from expanded_graph_nodes_v2.csv
JPN,capital_markets,true,denormalized from expanded_graph_nodes_v2.csv
JPN,oil,false,denormalized from expanded_graph_nodes_v2.csv
JPN,gas,false,denormalized from expanded_graph_nodes_v2.csv
JPN,utilities,true,denormalized from expanded_graph_nodes_v2.csv
JPN,aviation,true,denormalized from expanded_graph_nodes_v2.csv
JPN,ports,true,denormalized from expanded_graph_nodes_v2.csv
JPN,telecommunications,true,denormalized from expanded_graph_nodes_v2.csv
JPN,agriculture,true,denormalized from expanded_graph_nodes_v2.csv
JPN,tourism,true,denormalized from expanded_graph_nodes_v2.csv
JPN,government,true,denormalized from expanded_graph_nodes_v2.csv
KEN,semiconductors,false,denormalized from expanded_graph_nodes_v2.csv
KEN,automotive,false,denormalized from expanded_graph_nodes_v2.csv
KEN,electronics,false,denormalized from expanded_graph_nodes_v2.csv
KEN,aerospace,false,denormalized from expanded_graph_nodes_v2.csv
KEN,shipping,false,denormalized from expanded_graph_nodes_v2.csv
KEN,energy,false,denormalized from expanded_graph_nodes_v2.csv
KEN,consumer_goods,true,denormalized from expanded_graph_nodes_v2.csv
KEN,banking,true,denormalized from expanded_graph_nodes_v2.csv
KEN,insurance,false,denormalized from expanded_graph_nodes_v2.csv
KEN,capital_markets,false,denormalized from expanded_graph_nodes_v2.csv
KEN,oil,false,denormalized from expanded_graph_nodes_v2.csv
KEN,gas,false,denormalized from expanded_graph_nodes_v2.csv
KEN,utilities,true,denormalized from expanded_graph_nodes_v2.csv
KEN,aviation,false,denormalized from expanded_graph_nodes_v2.csv
KEN,ports,false,denormalized from expanded_graph_nodes_v2.csv
KEN,telecommunications,true,denormalized from expanded_graph_nodes_v2.csv
KEN,agriculture,true,denormalized from expanded_graph_nodes_v2.csv
KEN,tourism,true,denormalized from expanded_graph_nodes_v2.csv
KEN,government,true,denormalized from expanded_graph_nodes_v2.csv
KOR,semiconductors,true,denormalized from expanded_graph_nodes_v2.csv
KOR,automotive,true,denormalized from expanded_graph_nodes_v2.csv
KOR,electronics,true,denormalized from expanded_graph_nodes_v2.csv
KOR,aerospace,false,denormalized from expanded_graph_nodes_v2.csv
KOR,shipping,true,denormalized from expanded_graph_nodes_v2.csv
KOR,energy,false,denormalized from expanded_graph_nodes_v2.csv
KOR,consumer_goods,true,denormalized from expanded_graph_nodes_v2.csv
KOR,banking,true,denormalized from expanded_graph_nodes_v2.csv
KOR,insurance,true,denormalized from expanded_graph_nodes_v2.csv
KOR,capital_markets,false,denormalized from expanded_graph_nodes_v2.csv
KOR,oil,false,denormalized from expanded_graph_nodes_v2.csv
KOR,gas,false,denormalized from expanded_graph_nodes_v2.csv
KOR,utilities,true,denormalized from expanded_graph_nodes_v2.csv
KOR,aviation,true,denormalized from expanded_graph_nodes_v2.csv
KOR,ports,true,denormalized from expanded_graph_nodes_v2.csv
KOR,telecommunications,true,denormalized from expanded_graph_nodes_v2.csv
KOR,agriculture,true,denormalized from expanded_graph_nodes_v2.csv
KOR,tourism,true,denormalized from expanded_graph_nodes_v2.csv
KOR,government,true,denormalized from expanded_graph_nodes_v2.csv
LBN,semiconductors,false,denormalized from expanded_graph_nodes_v2.csv
LBN,automotive,false,denormalized from expanded_graph_nodes_v2.csv
LBN,electronics,false,denormalized from expanded_graph_nodes_v2.csv
LBN,aerospace,false,denormalized from expanded_graph_nodes_v2.csv
LBN,shipping,false,denormalized from expanded_graph_nodes_v2.csv
LBN,energy,false,denormalized from expanded_graph_nodes_v2.csv
LBN,consumer_goods,true,denormalized from expanded_graph_nodes_v2.csv
LBN,banking,true,denormalized from expanded_graph_nodes_v2.csv
LBN,insurance,false,denormalized from expanded_graph_nodes_v2.csv
LBN,capital_markets,false,denormalized from expanded_graph_nodes_v2.csv
LBN,oil,false,denormalized from expanded_graph_nodes_v2.csv
LBN,gas,false,denormalized from expanded_graph_nodes_v2.csv
LBN,utilities,true,denormalized from expanded_graph_nodes_v2.csv
LBN,aviation,false,denormalized from expanded_graph_nodes_v2.csv
LBN,ports,false,denormalized from expanded_graph_nodes_v2.csv
LBN,telecommunications,true,denormalized from expanded_graph_nodes_v2.csv
LBN,agriculture,true,denormalized from expanded_graph_nodes_v2.csv
LBN,tourism,true,denormalized from expanded_graph_nodes_v2.csv
LBN,government,true,denormalized from expanded_graph_nodes_v2.csv
LBY,semiconductors,false,denormalized from expanded_graph_nodes_v2.csv
LBY,automotive,false,denormalized from expanded_graph_nodes_v2.csv
LBY,electronics,false,denormalized from expanded_graph_nodes_v2.csv
LBY,aerospace,false,denormalized from expanded_graph_nodes_v2.csv
LBY,shipping,false,denormalized from expanded_graph_nodes_v2.csv
LBY,energy,true,denormalized from expanded_graph_nodes_v2.csv
LBY,consumer_goods,true,denormalized from expanded_graph_nodes_v2.csv
LBY,banking,true,denormalized from expanded_graph_nodes_v2.csv
LBY,insurance,false,denormalized from expanded_graph_nodes_v2.csv
LBY,capital_markets,false,denormalized from expanded_graph_nodes_v2.csv
LBY,oil,true,denormalized from expanded_graph_nodes_v2.csv
LBY,gas,false,denormalized from expanded_graph_nodes_v2.csv
LBY,utilities,true,denormalized from expanded_graph_nodes_v2.csv
LBY,aviation,false,denormalized from expanded_graph_nodes_v2.csv
LBY,ports,false,denormalized from expanded_graph_nodes_v2.csv
LBY,telecommunications,true,denormalized from expanded_graph_nodes_v2.csv
LBY,agriculture,true,denormalized from expanded_graph_nodes_v2.csv
LBY,tourism,true,denormalized from expanded_graph_nodes_v2.csv
LBY,government,true,denormalized from expanded_graph_nodes_v2.csv
LKA,semiconductors,false,denormalized from expanded_graph_nodes_v2.csv
LKA,automotive,false,denormalized from expanded_graph_nodes_v2.csv
LKA,electronics,false,denormalized from expanded_graph_nodes_v2.csv
LKA,aerospace,false,denormalized from expanded_graph_nodes_v2.csv
LKA,shipping,false,denormalized from expanded_graph_nodes_v2.csv
LKA,energy,false,denormalized from expanded_graph_nodes_v2.csv
LKA,consumer_goods,true,denormalized from expanded_graph_nodes_v2.csv
LKA,banking,true,denormalized from expanded_graph_nodes_v2.csv
LKA,insurance,false,denormalized from expanded_graph_nodes_v2.csv
LKA,capital_markets,false,denormalized from expanded_graph_nodes_v2.csv
LKA,oil,false,denormalized from expanded_graph_nodes_v2.csv
LKA,gas,false,denormalized from expanded_graph_nodes_v2.csv
LKA,utilities,true,denormalized from expanded_graph_nodes_v2.csv
LKA,aviation,false,denormalized from expanded_graph_nodes_v2.csv
LKA,ports,false,denormalized from expanded_graph_nodes_v2.csv
LKA,telecommunications,true,denormalized from expanded_graph_nodes_v2.csv
LKA,agriculture,true,denormalized from expanded_graph_nodes_v2.csv
LKA,tourism,true,denormalized from expanded_graph_nodes_v2.csv
LKA,government,true,denormalized from expanded_graph_nodes_v2.csv
MDV,semiconductors,false,denormalized from expanded_graph_nodes_v2.csv
MDV,automotive,false,denormalized from expanded_graph_nodes_v2.csv
MDV,electronics,false,denormalized from expanded_graph_nodes_v2.csv
MDV,aerospace,false,denormalized from expanded_graph_nodes_v2.csv
MDV,shipping,false,denormalized from expanded_graph_nodes_v2.csv
MDV,energy,false,denormalized from expanded_graph_nodes_v2.csv
MDV,consumer_goods,true,denormalized from expanded_graph_nodes_v2.csv
MDV,banking,true,denormalized from expanded_graph_nodes_v2.csv
MDV,insurance,false,denormalized from expanded_graph_nodes_v2.csv
MDV,capital_markets,false,denormalized from expanded_graph_nodes_v2.csv
MDV,oil,false,denormalized from expanded_graph_nodes_v2.csv
MDV,gas,false,denormalized from expanded_graph_nodes_v2.csv
MDV,utilities,true,denormalized from expanded_graph_nodes_v2.csv
MDV,aviation,false,denormalized from expanded_graph_nodes_v2.csv
MDV,ports,false,denormalized from expanded_graph_nodes_v2.csv
MDV,telecommunications,true,denormalized from expanded_graph_nodes_v2.csv
MDV,agriculture,true,denormalized from expanded_graph_nodes_v2.csv
MDV,tourism,true,denormalized from expanded_graph_nodes_v2.csv
MDV,government,true,denormalized from expanded_graph_nodes_v2.csv
MEX,semiconductors,false,denormalized from expanded_graph_nodes_v2.csv
MEX,automotive,true,denormalized from expanded_graph_nodes_v2.csv
MEX,electronics,true,denormalized from expanded_graph_nodes_v2.csv
MEX,aerospace,false,denormalized from expanded_graph_nodes_v2.csv
MEX,shipping,false,denormalized from expanded_graph_nodes_v2.csv
MEX,energy,false,denormalized from expanded_graph_nodes_v2.csv
MEX,consumer_goods,true,denormalized from expanded_graph_nodes_v2.csv
MEX,banking,true,denormalized from expanded_graph_nodes_v2.csv
MEX,insurance,false,denormalized from expanded_graph_nodes_v2.csv
MEX,capital_markets,false,denormalized from expanded_graph_nodes_v2.csv
MEX,oil,true,denormalized from expanded_graph_nodes_v2.csv
MEX,gas,false,denormalized from expanded_graph_nodes_v2.csv
MEX,utilities,true,denormalized from expanded_graph_nodes_v2.csv
MEX,aviation,false,denormalized from expanded_graph_nodes_v2.csv
MEX,ports,true,denormalized from expanded_graph_nodes_v2.csv
MEX,telecommunications,true,denormalized from expanded_graph_nodes_v2.csv
MEX,agriculture,true,denormalized from expanded_graph_nodes_v2.csv
MEX,tourism,true,denormalized from expanded_graph_nodes_v2.csv
MEX,government,true,denormalized from expanded_graph_nodes_v2.csv
MMR,semiconductors,false,denormalized from expanded_graph_nodes_v2.csv
MMR,automotive,false,denormalized from expanded_graph_nodes_v2.csv
MMR,electronics,false,denormalized from expanded_graph_nodes_v2.csv
MMR,aerospace,false,denormalized from expanded_graph_nodes_v2.csv
MMR,shipping,false,denormalized from expanded_graph_nodes_v2.csv
MMR,energy,false,denormalized from expanded_graph_nodes_v2.csv
MMR,consumer_goods,true,denormalized from expanded_graph_nodes_v2.csv
MMR,banking,true,denormalized from expanded_graph_nodes_v2.csv
MMR,insurance,false,denormalized from expanded_graph_nodes_v2.csv
MMR,capital_markets,false,denormalized from expanded_graph_nodes_v2.csv
MMR,oil,false,denormalized from expanded_graph_nodes_v2.csv
MMR,gas,false,denormalized from expanded_graph_nodes_v2.csv
MMR,utilities,true,denormalized from expanded_graph_nodes_v2.csv
MMR,aviation,false,denormalized from expanded_graph_nodes_v2.csv
MMR,ports,false,denormalized from expanded_graph_nodes_v2.csv
MMR,telecommunications,true,denormalized from expanded_graph_nodes_v2.csv
MMR,agriculture,true,denormalized from expanded_graph_nodes_v2.csv
MMR,tourism,true,denormalized from expanded_graph_nodes_v2.csv
MMR,government,true,denormalized from expanded_graph_nodes_v2.csv
MYS,semiconductors,true,denormalized from expanded_graph_nodes_v2.csv
MYS,automotive,false,denormalized from expanded_graph_nodes_v2.csv
MYS,electronics,true,denormalized from expanded_graph_nodes_v2.csv
MYS,aerospace,false,denormalized from expanded_graph_nodes_v2.csv
MYS,shipping,true,denormalized from expanded_graph_nodes_v2.csv
MYS,energy,false,denormalized from expanded_graph_nodes_v2.csv
MYS,consumer_goods,true,denormalized from expanded_graph_nodes_v2.csv
MYS,banking,true,denormalized from expanded_graph_nodes_v2.csv
MYS,insurance,false,denormalized from expanded_graph_nodes_v2.csv
MYS,capital_markets,false,denormalized from expanded_graph_nodes_v2.csv
MYS,oil,false,denormalized from expanded_graph_nodes_v2.csv
MYS,gas,false,denormalized from expanded_graph_nodes_v2.csv
MYS,utilities,true,denormalized from expanded_graph_nodes_v2.csv
MYS,aviation,false,denormalized from expanded_graph_nodes_v2.csv
MYS,ports,true,denormalized from expanded_graph_nodes_v2.csv
MYS,telecommunications,true,denormalized from expanded_graph_nodes_v2.csv
MYS,agriculture,true,denormalized from expanded_graph_nodes_v2.csv
MYS,tourism,true,denormalized from expanded_graph_nodes_v2.csv
MYS,government,true,denormalized from expanded_graph_nodes_v2.csv
NGA,semiconductors,false,denormalized from expanded_graph_nodes_v2.csv
NGA,automotive,false,denormalized from expanded_graph_nodes_v2.csv
NGA,electronics,false,denormalized from expanded_graph_nodes_v2.csv
NGA,aerospace,false,denormalized from expanded_graph_nodes_v2.csv
NGA,shipping,false,denormalized from expanded_graph_nodes_v2.csv
NGA,energy,true,denormalized from expanded_graph_nodes_v2.csv
NGA,consumer_goods,true,denormalized from expanded_graph_nodes_v2.csv
NGA,banking,true,denormalized from expanded_graph_nodes_v2.csv
NGA,insurance,false,denormalized from expanded_graph_nodes_v2.csv
NGA,capital_markets,false,denormalized from expanded_graph_nodes_v2.csv
NGA,oil,true,denormalized from expanded_graph_nodes_v2.csv
NGA,gas,false,denormalized from expanded_graph_nodes_v2.csv
NGA,utilities,true,denormalized from expanded_graph_nodes_v2.csv
NGA,aviation,false,denormalized from expanded_graph_nodes_v2.csv
NGA,ports,false,denormalized from expanded_graph_nodes_v2.csv
NGA,telecommunications,true,denormalized from expanded_graph_nodes_v2.csv
NGA,agriculture,true,denormalized from expanded_graph_nodes_v2.csv
NGA,tourism,true,denormalized from expanded_graph_nodes_v2.csv
NGA,government,true,denormalized from expanded_graph_nodes_v2.csv
NLD,semiconductors,true,denormalized from expanded_graph_nodes_v2.csv
NLD,automotive,false,denormalized from expanded_graph_nodes_v2.csv
NLD,electronics,false,denormalized from expanded_graph_nodes_v2.csv
NLD,aerospace,true,denormalized from expanded_graph_nodes_v2.csv
NLD,shipping,true,denormalized from expanded_graph_nodes_v2.csv
NLD,energy,false,denormalized from expanded_graph_nodes_v2.csv
NLD,consumer_goods,true,denormalized from expanded_graph_nodes_v2.csv
NLD,banking,true,denormalized from expanded_graph_nodes_v2.csv
NLD,insurance,true,denormalized from expanded_graph_nodes_v2.csv
NLD,capital_markets,true,denormalized from expanded_graph_nodes_v2.csv
NLD,oil,false,denormalized from expanded_graph_nodes_v2.csv
NLD,gas,true,denormalized from expanded_graph_nodes_v2.csv
NLD,utilities,true,denormalized from expanded_graph_nodes_v2.csv
NLD,aviation,false,denormalized from expanded_graph_nodes_v2.csv
NLD,ports,true,denormalized from expanded_graph_nodes_v2.csv
NLD,telecommunications,true,denormalized from expanded_graph_nodes_v2.csv
NLD,agriculture,true,denormalized from expanded_graph_nodes_v2.csv
NLD,tourism,true,denormalized from expanded_graph_nodes_v2.csv
NLD,government,true,denormalized from expanded_graph_nodes_v2.csv
NOR,semiconductors,false,denormalized from expanded_graph_nodes_v2.csv
NOR,automotive,false,denormalized from expanded_graph_nodes_v2.csv
NOR,electronics,false,denormalized from expanded_graph_nodes_v2.csv
NOR,aerospace,false,denormalized from expanded_graph_nodes_v2.csv
NOR,shipping,false,denormalized from expanded_graph_nodes_v2.csv
NOR,energy,true,denormalized from expanded_graph_nodes_v2.csv
NOR,consumer_goods,true,denormalized from expanded_graph_nodes_v2.csv
NOR,banking,true,denormalized from expanded_graph_nodes_v2.csv
NOR,insurance,false,denormalized from expanded_graph_nodes_v2.csv
NOR,capital_markets,false,denormalized from expanded_graph_nodes_v2.csv
NOR,oil,true,denormalized from expanded_graph_nodes_v2.csv
NOR,gas,true,denormalized from expanded_graph_nodes_v2.csv
NOR,utilities,true,denormalized from expanded_graph_nodes_v2.csv
NOR,aviation,false,denormalized from expanded_graph_nodes_v2.csv
NOR,ports,false,denormalized from expanded_graph_nodes_v2.csv
NOR,telecommunications,true,denormalized from expanded_graph_nodes_v2.csv
NOR,agriculture,true,denormalized from expanded_graph_nodes_v2.csv
NOR,tourism,true,denormalized from expanded_graph_nodes_v2.csv
NOR,government,true,denormalized from expanded_graph_nodes_v2.csv
NPL,semiconductors,false,denormalized from expanded_graph_nodes_v2.csv
NPL,automotive,false,denormalized from expanded_graph_nodes_v2.csv
NPL,electronics,false,denormalized from expanded_graph_nodes_v2.csv
NPL,aerospace,false,denormalized from expanded_graph_nodes_v2.csv
NPL,shipping,false,denormalized from expanded_graph_nodes_v2.csv
NPL,energy,false,denormalized from expanded_graph_nodes_v2.csv
NPL,consumer_goods,true,denormalized from expanded_graph_nodes_v2.csv
NPL,banking,true,denormalized from expanded_graph_nodes_v2.csv
NPL,insurance,false,denormalized from expanded_graph_nodes_v2.csv
NPL,capital_markets,false,denormalized from expanded_graph_nodes_v2.csv
NPL,oil,false,denormalized from expanded_graph_nodes_v2.csv
NPL,gas,false,denormalized from expanded_graph_nodes_v2.csv
NPL,utilities,true,denormalized from expanded_graph_nodes_v2.csv
NPL,aviation,false,denormalized from expanded_graph_nodes_v2.csv
NPL,ports,false,denormalized from expanded_graph_nodes_v2.csv
NPL,telecommunications,true,denormalized from expanded_graph_nodes_v2.csv
NPL,agriculture,true,denormalized from expanded_graph_nodes_v2.csv
NPL,tourism,true,denormalized from expanded_graph_nodes_v2.csv
NPL,government,true,denormalized from expanded_graph_nodes_v2.csv
PAK,semiconductors,false,denormalized from expanded_graph_nodes_v2.csv
PAK,automotive,false,denormalized from expanded_graph_nodes_v2.csv
PAK,electronics,false,denormalized from expanded_graph_nodes_v2.csv
PAK,aerospace,false,denormalized from expanded_graph_nodes_v2.csv
PAK,shipping,false,denormalized from expanded_graph_nodes_v2.csv
PAK,energy,false,denormalized from expanded_graph_nodes_v2.csv
PAK,consumer_goods,true,denormalized from expanded_graph_nodes_v2.csv
PAK,banking,true,denormalized from expanded_graph_nodes_v2.csv
PAK,insurance,false,denormalized from expanded_graph_nodes_v2.csv
PAK,capital_markets,false,denormalized from expanded_graph_nodes_v2.csv
PAK,oil,false,denormalized from expanded_graph_nodes_v2.csv
PAK,gas,false,denormalized from expanded_graph_nodes_v2.csv
PAK,utilities,true,denormalized from expanded_graph_nodes_v2.csv
PAK,aviation,false,denormalized from expanded_graph_nodes_v2.csv
PAK,ports,false,denormalized from expanded_graph_nodes_v2.csv
PAK,telecommunications,true,denormalized from expanded_graph_nodes_v2.csv
PAK,agriculture,true,denormalized from expanded_graph_nodes_v2.csv
PAK,tourism,true,denormalized from expanded_graph_nodes_v2.csv
PAK,government,true,denormalized from expanded_graph_nodes_v2.csv
PHL,semiconductors,false,denormalized from expanded_graph_nodes_v2.csv
PHL,automotive,false,denormalized from expanded_graph_nodes_v2.csv
PHL,electronics,true,denormalized from expanded_graph_nodes_v2.csv
PHL,aerospace,false,denormalized from expanded_graph_nodes_v2.csv
PHL,shipping,false,denormalized from expanded_graph_nodes_v2.csv
PHL,energy,false,denormalized from expanded_graph_nodes_v2.csv
PHL,consumer_goods,true,denormalized from expanded_graph_nodes_v2.csv
PHL,banking,true,denormalized from expanded_graph_nodes_v2.csv
PHL,insurance,false,denormalized from expanded_graph_nodes_v2.csv
PHL,capital_markets,false,denormalized from expanded_graph_nodes_v2.csv
PHL,oil,false,denormalized from expanded_graph_nodes_v2.csv
PHL,gas,false,denormalized from expanded_graph_nodes_v2.csv
PHL,utilities,true,denormalized from expanded_graph_nodes_v2.csv
PHL,aviation,false,denormalized from expanded_graph_nodes_v2.csv
PHL,ports,false,denormalized from expanded_graph_nodes_v2.csv
PHL,telecommunications,true,denormalized from expanded_graph_nodes_v2.csv
PHL,agriculture,true,denormalized from expanded_graph_nodes_v2.csv
PHL,tourism,true,denormalized from expanded_graph_nodes_v2.csv
PHL,government,true,denormalized from expanded_graph_nodes_v2.csv
POL,semiconductors,false,denormalized from expanded_graph_nodes_v2.csv
POL,automotive,true,denormalized from expanded_graph_nodes_v2.csv
POL,electronics,false,denormalized from expanded_graph_nodes_v2.csv
POL,aerospace,false,denormalized from expanded_graph_nodes_v2.csv
POL,shipping,false,denormalized from expanded_graph_nodes_v2.csv
POL,energy,false,denormalized from expanded_graph_nodes_v2.csv
POL,consumer_goods,true,denormalized from expanded_graph_nodes_v2.csv
POL,banking,true,denormalized from expanded_graph_nodes_v2.csv
POL,insurance,false,denormalized from expanded_graph_nodes_v2.csv
POL,capital_markets,false,denormalized from expanded_graph_nodes_v2.csv
POL,oil,false,denormalized from expanded_graph_nodes_v2.csv
POL,gas,false,denormalized from expanded_graph_nodes_v2.csv
POL,utilities,true,denormalized from expanded_graph_nodes_v2.csv
POL,aviation,false,denormalized from expanded_graph_nodes_v2.csv
POL,ports,false,denormalized from expanded_graph_nodes_v2.csv
POL,telecommunications,true,denormalized from expanded_graph_nodes_v2.csv
POL,agriculture,true,denormalized from expanded_graph_nodes_v2.csv
POL,tourism,true,denormalized from expanded_graph_nodes_v2.csv
POL,government,true,denormalized from expanded_graph_nodes_v2.csv
PRK,semiconductors,false,denormalized from expanded_graph_nodes_v2.csv
PRK,automotive,false,denormalized from expanded_graph_nodes_v2.csv
PRK,electronics,false,denormalized from expanded_graph_nodes_v2.csv
PRK,aerospace,false,denormalized from expanded_graph_nodes_v2.csv
PRK,shipping,false,denormalized from expanded_graph_nodes_v2.csv
PRK,energy,false,denormalized from expanded_graph_nodes_v2.csv
PRK,consumer_goods,true,denormalized from expanded_graph_nodes_v2.csv
PRK,banking,true,denormalized from expanded_graph_nodes_v2.csv
PRK,insurance,false,denormalized from expanded_graph_nodes_v2.csv
PRK,capital_markets,false,denormalized from expanded_graph_nodes_v2.csv
PRK,oil,false,denormalized from expanded_graph_nodes_v2.csv
PRK,gas,false,denormalized from expanded_graph_nodes_v2.csv
PRK,utilities,true,denormalized from expanded_graph_nodes_v2.csv
PRK,aviation,false,denormalized from expanded_graph_nodes_v2.csv
PRK,ports,false,denormalized from expanded_graph_nodes_v2.csv
PRK,telecommunications,true,denormalized from expanded_graph_nodes_v2.csv
PRK,agriculture,true,denormalized from expanded_graph_nodes_v2.csv
PRK,tourism,true,denormalized from expanded_graph_nodes_v2.csv
PRK,government,true,denormalized from expanded_graph_nodes_v2.csv
PSE,semiconductors,false,denormalized from expanded_graph_nodes_v2.csv
PSE,automotive,false,denormalized from expanded_graph_nodes_v2.csv
PSE,electronics,false,denormalized from expanded_graph_nodes_v2.csv
PSE,aerospace,false,denormalized from expanded_graph_nodes_v2.csv
PSE,shipping,false,denormalized from expanded_graph_nodes_v2.csv
PSE,energy,false,denormalized from expanded_graph_nodes_v2.csv
PSE,consumer_goods,true,denormalized from expanded_graph_nodes_v2.csv
PSE,banking,true,denormalized from expanded_graph_nodes_v2.csv
PSE,insurance,false,denormalized from expanded_graph_nodes_v2.csv
PSE,capital_markets,false,denormalized from expanded_graph_nodes_v2.csv
PSE,oil,false,denormalized from expanded_graph_nodes_v2.csv
PSE,gas,false,denormalized from expanded_graph_nodes_v2.csv
PSE,utilities,true,denormalized from expanded_graph_nodes_v2.csv
PSE,aviation,false,denormalized from expanded_graph_nodes_v2.csv
PSE,ports,false,denormalized from expanded_graph_nodes_v2.csv
PSE,telecommunications,true,denormalized from expanded_graph_nodes_v2.csv
PSE,agriculture,true,denormalized from expanded_graph_nodes_v2.csv
PSE,tourism,true,denormalized from expanded_graph_nodes_v2.csv
PSE,government,true,denormalized from expanded_graph_nodes_v2.csv
QAT,semiconductors,false,denormalized from expanded_graph_nodes_v2.csv
QAT,automotive,false,denormalized from expanded_graph_nodes_v2.csv
QAT,electronics,false,denormalized from expanded_graph_nodes_v2.csv
QAT,aerospace,false,denormalized from expanded_graph_nodes_v2.csv
QAT,shipping,false,denormalized from expanded_graph_nodes_v2.csv
QAT,energy,true,denormalized from expanded_graph_nodes_v2.csv
QAT,consumer_goods,true,denormalized from expanded_graph_nodes_v2.csv
QAT,banking,true,denormalized from expanded_graph_nodes_v2.csv
QAT,insurance,false,denormalized from expanded_graph_nodes_v2.csv
QAT,capital_markets,false,denormalized from expanded_graph_nodes_v2.csv
QAT,oil,true,denormalized from expanded_graph_nodes_v2.csv
QAT,gas,true,denormalized from expanded_graph_nodes_v2.csv
QAT,utilities,true,denormalized from expanded_graph_nodes_v2.csv
QAT,aviation,true,denormalized from expanded_graph_nodes_v2.csv
QAT,ports,false,denormalized from expanded_graph_nodes_v2.csv
QAT,telecommunications,true,denormalized from expanded_graph_nodes_v2.csv
QAT,agriculture,true,denormalized from expanded_graph_nodes_v2.csv
QAT,tourism,true,denormalized from expanded_graph_nodes_v2.csv
QAT,government,true,denormalized from expanded_graph_nodes_v2.csv
RUS,semiconductors,false,denormalized from expanded_graph_nodes_v2.csv
RUS,automotive,false,denormalized from expanded_graph_nodes_v2.csv
RUS,electronics,false,denormalized from expanded_graph_nodes_v2.csv
RUS,aerospace,true,denormalized from expanded_graph_nodes_v2.csv
RUS,shipping,false,denormalized from expanded_graph_nodes_v2.csv
RUS,energy,true,denormalized from expanded_graph_nodes_v2.csv
RUS,consumer_goods,true,denormalized from expanded_graph_nodes_v2.csv
RUS,banking,true,denormalized from expanded_graph_nodes_v2.csv
RUS,insurance,false,denormalized from expanded_graph_nodes_v2.csv
RUS,capital_markets,false,denormalized from expanded_graph_nodes_v2.csv
RUS,oil,true,denormalized from expanded_graph_nodes_v2.csv
RUS,gas,true,denormalized from expanded_graph_nodes_v2.csv
RUS,utilities,true,denormalized from expanded_graph_nodes_v2.csv
RUS,aviation,true,denormalized from expanded_graph_nodes_v2.csv
RUS,ports,false,denormalized from expanded_graph_nodes_v2.csv
RUS,telecommunications,true,denormalized from expanded_graph_nodes_v2.csv
RUS,agriculture,true,denormalized from expanded_graph_nodes_v2.csv
RUS,tourism,true,denormalized from expanded_graph_nodes_v2.csv
RUS,government,true,denormalized from expanded_graph_nodes_v2.csv
SAU,semiconductors,false,denormalized from expanded_graph_nodes_v2.csv
SAU,automotive,false,denormalized from expanded_graph_nodes_v2.csv
SAU,electronics,false,denormalized from expanded_graph_nodes_v2.csv
SAU,aerospace,false,denormalized from expanded_graph_nodes_v2.csv
SAU,shipping,false,denormalized from expanded_graph_nodes_v2.csv
SAU,energy,true,denormalized from expanded_graph_nodes_v2.csv
SAU,consumer_goods,true,denormalized from expanded_graph_nodes_v2.csv
SAU,banking,true,denormalized from expanded_graph_nodes_v2.csv
SAU,insurance,false,denormalized from expanded_graph_nodes_v2.csv
SAU,capital_markets,false,denormalized from expanded_graph_nodes_v2.csv
SAU,oil,true,denormalized from expanded_graph_nodes_v2.csv
SAU,gas,false,denormalized from expanded_graph_nodes_v2.csv
SAU,utilities,true,denormalized from expanded_graph_nodes_v2.csv
SAU,aviation,false,denormalized from expanded_graph_nodes_v2.csv
SAU,ports,false,denormalized from expanded_graph_nodes_v2.csv
SAU,telecommunications,true,denormalized from expanded_graph_nodes_v2.csv
SAU,agriculture,true,denormalized from expanded_graph_nodes_v2.csv
SAU,tourism,true,denormalized from expanded_graph_nodes_v2.csv
SAU,government,true,denormalized from expanded_graph_nodes_v2.csv
SGP,semiconductors,true,denormalized from expanded_graph_nodes_v2.csv
SGP,automotive,false,denormalized from expanded_graph_nodes_v2.csv
SGP,electronics,true,denormalized from expanded_graph_nodes_v2.csv
SGP,aerospace,false,denormalized from expanded_graph_nodes_v2.csv
SGP,shipping,true,denormalized from expanded_graph_nodes_v2.csv
SGP,energy,false,denormalized from expanded_graph_nodes_v2.csv
SGP,consumer_goods,true,denormalized from expanded_graph_nodes_v2.csv
SGP,banking,true,denormalized from expanded_graph_nodes_v2.csv
SGP,insurance,true,denormalized from expanded_graph_nodes_v2.csv
SGP,capital_markets,true,denormalized from expanded_graph_nodes_v2.csv
SGP,oil,false,denormalized from expanded_graph_nodes_v2.csv
SGP,gas,false,denormalized from expanded_graph_nodes_v2.csv
SGP,utilities,true,denormalized from expanded_graph_nodes_v2.csv
SGP,aviation,true,denormalized from expanded_graph_nodes_v2.csv
SGP,ports,true,denormalized from expanded_graph_nodes_v2.csv
SGP,telecommunications,true,denormalized from expanded_graph_nodes_v2.csv
SGP,agriculture,true,denormalized from expanded_graph_nodes_v2.csv
SGP,tourism,true,denormalized from expanded_graph_nodes_v2.csv
SGP,government,true,denormalized from expanded_graph_nodes_v2.csv
SYR,semiconductors,false,denormalized from expanded_graph_nodes_v2.csv
SYR,automotive,false,denormalized from expanded_graph_nodes_v2.csv
SYR,electronics,false,denormalized from expanded_graph_nodes_v2.csv
SYR,aerospace,false,denormalized from expanded_graph_nodes_v2.csv
SYR,shipping,false,denormalized from expanded_graph_nodes_v2.csv
SYR,energy,false,denormalized from expanded_graph_nodes_v2.csv
SYR,consumer_goods,true,denormalized from expanded_graph_nodes_v2.csv
SYR,banking,true,denormalized from expanded_graph_nodes_v2.csv
SYR,insurance,false,denormalized from expanded_graph_nodes_v2.csv
SYR,capital_markets,false,denormalized from expanded_graph_nodes_v2.csv
SYR,oil,false,denormalized from expanded_graph_nodes_v2.csv
SYR,gas,false,denormalized from expanded_graph_nodes_v2.csv
SYR,utilities,true,denormalized from expanded_graph_nodes_v2.csv
SYR,aviation,false,denormalized from expanded_graph_nodes_v2.csv
SYR,ports,false,denormalized from expanded_graph_nodes_v2.csv
SYR,telecommunications,true,denormalized from expanded_graph_nodes_v2.csv
SYR,agriculture,true,denormalized from expanded_graph_nodes_v2.csv
SYR,tourism,true,denormalized from expanded_graph_nodes_v2.csv
SYR,government,true,denormalized from expanded_graph_nodes_v2.csv
THA,semiconductors,false,denormalized from expanded_graph_nodes_v2.csv
THA,automotive,true,denormalized from expanded_graph_nodes_v2.csv
THA,electronics,true,denormalized from expanded_graph_nodes_v2.csv
THA,aerospace,false,denormalized from expanded_graph_nodes_v2.csv
THA,shipping,false,denormalized from expanded_graph_nodes_v2.csv
THA,energy,false,denormalized from expanded_graph_nodes_v2.csv
THA,consumer_goods,true,denormalized from expanded_graph_nodes_v2.csv
THA,banking,true,denormalized from expanded_graph_nodes_v2.csv
THA,insurance,false,denormalized from expanded_graph_nodes_v2.csv
THA,capital_markets,false,denormalized from expanded_graph_nodes_v2.csv
THA,oil,false,denormalized from expanded_graph_nodes_v2.csv
THA,gas,false,denormalized from expanded_graph_nodes_v2.csv
THA,utilities,true,denormalized from expanded_graph_nodes_v2.csv
THA,aviation,false,denormalized from expanded_graph_nodes_v2.csv
THA,ports,false,denormalized from expanded_graph_nodes_v2.csv
THA,telecommunications,true,denormalized from expanded_graph_nodes_v2.csv
THA,agriculture,true,denormalized from expanded_graph_nodes_v2.csv
THA,tourism,true,denormalized from expanded_graph_nodes_v2.csv
THA,government,true,denormalized from expanded_graph_nodes_v2.csv
TUN,semiconductors,false,denormalized from expanded_graph_nodes_v2.csv
TUN,automotive,false,denormalized from expanded_graph_nodes_v2.csv
TUN,electronics,false,denormalized from expanded_graph_nodes_v2.csv
TUN,aerospace,false,denormalized from expanded_graph_nodes_v2.csv
TUN,shipping,false,denormalized from expanded_graph_nodes_v2.csv
TUN,energy,false,denormalized from expanded_graph_nodes_v2.csv
TUN,consumer_goods,true,denormalized from expanded_graph_nodes_v2.csv
TUN,banking,true,denormalized from expanded_graph_nodes_v2.csv
TUN,insurance,false,denormalized from expanded_graph_nodes_v2.csv
TUN,capital_markets,false,denormalized from expanded_graph_nodes_v2.csv
TUN,oil,false,denormalized from expanded_graph_nodes_v2.csv
TUN,gas,false,denormalized from expanded_graph_nodes_v2.csv
TUN,utilities,true,denormalized from expanded_graph_nodes_v2.csv
TUN,aviation,false,denormalized from expanded_graph_nodes_v2.csv
TUN,ports,false,denormalized from expanded_graph_nodes_v2.csv
TUN,telecommunications,true,denormalized from expanded_graph_nodes_v2.csv
TUN,agriculture,true,denormalized from expanded_graph_nodes_v2.csv
TUN,tourism,true,denormalized from expanded_graph_nodes_v2.csv
TUN,government,true,denormalized from expanded_graph_nodes_v2.csv
TUR,semiconductors,false,denormalized from expanded_graph_nodes_v2.csv
TUR,automotive,true,denormalized from expanded_graph_nodes_v2.csv
TUR,electronics,false,denormalized from expanded_graph_nodes_v2.csv
TUR,aerospace,false,denormalized from expanded_graph_nodes_v2.csv
TUR,shipping,false,denormalized from expanded_graph_nodes_v2.csv
TUR,energy,false,denormalized from expanded_graph_nodes_v2.csv
TUR,consumer_goods,true,denormalized from expanded_graph_nodes_v2.csv
TUR,banking,true,denormalized from expanded_graph_nodes_v2.csv
TUR,insurance,false,denormalized from expanded_graph_nodes_v2.csv
TUR,capital_markets,false,denormalized from expanded_graph_nodes_v2.csv
TUR,oil,false,denormalized from expanded_graph_nodes_v2.csv
TUR,gas,false,denormalized from expanded_graph_nodes_v2.csv
TUR,utilities,true,denormalized from expanded_graph_nodes_v2.csv
TUR,aviation,true,denormalized from expanded_graph_nodes_v2.csv
TUR,ports,false,denormalized from expanded_graph_nodes_v2.csv
TUR,telecommunications,true,denormalized from expanded_graph_nodes_v2.csv
TUR,agriculture,true,denormalized from expanded_graph_nodes_v2.csv
TUR,tourism,true,denormalized from expanded_graph_nodes_v2.csv
TUR,government,true,denormalized from expanded_graph_nodes_v2.csv
TWN,semiconductors,true,denormalized from expanded_graph_nodes_v2.csv
TWN,automotive,false,denormalized from expanded_graph_nodes_v2.csv
TWN,electronics,true,denormalized from expanded_graph_nodes_v2.csv
TWN,aerospace,false,denormalized from expanded_graph_nodes_v2.csv
TWN,shipping,true,denormalized from expanded_graph_nodes_v2.csv
TWN,energy,false,denormalized from expanded_graph_nodes_v2.csv
TWN,consumer_goods,true,denormalized from expanded_graph_nodes_v2.csv
TWN,banking,true,denormalized from expanded_graph_nodes_v2.csv
TWN,insurance,false,denormalized from expanded_graph_nodes_v2.csv
TWN,capital_markets,false,denormalized from expanded_graph_nodes_v2.csv
TWN,oil,false,denormalized from expanded_graph_nodes_v2.csv
TWN,gas,false,denormalized from expanded_graph_nodes_v2.csv
TWN,utilities,true,denormalized from expanded_graph_nodes_v2.csv
TWN,aviation,false,denormalized from expanded_graph_nodes_v2.csv
TWN,ports,false,denormalized from expanded_graph_nodes_v2.csv
TWN,telecommunications,true,denormalized from expanded_graph_nodes_v2.csv
TWN,agriculture,true,denormalized from expanded_graph_nodes_v2.csv
TWN,tourism,true,denormalized from expanded_graph_nodes_v2.csv
TWN,government,true,denormalized from expanded_graph_nodes_v2.csv
UKR,semiconductors,false,denormalized from expanded_graph_nodes_v2.csv
UKR,automotive,false,denormalized from expanded_graph_nodes_v2.csv
UKR,electronics,false,denormalized from expanded_graph_nodes_v2.csv
UKR,aerospace,false,denormalized from expanded_graph_nodes_v2.csv
UKR,shipping,false,denormalized from expanded_graph_nodes_v2.csv
UKR,energy,false,denormalized from expanded_graph_nodes_v2.csv
UKR,consumer_goods,true,denormalized from expanded_graph_nodes_v2.csv
UKR,banking,true,denormalized from expanded_graph_nodes_v2.csv
UKR,insurance,false,denormalized from expanded_graph_nodes_v2.csv
UKR,capital_markets,false,denormalized from expanded_graph_nodes_v2.csv
UKR,oil,false,denormalized from expanded_graph_nodes_v2.csv
UKR,gas,false,denormalized from expanded_graph_nodes_v2.csv
UKR,utilities,true,denormalized from expanded_graph_nodes_v2.csv
UKR,aviation,false,denormalized from expanded_graph_nodes_v2.csv
UKR,ports,false,denormalized from expanded_graph_nodes_v2.csv
UKR,telecommunications,true,denormalized from expanded_graph_nodes_v2.csv
UKR,agriculture,true,denormalized from expanded_graph_nodes_v2.csv
UKR,tourism,true,denormalized from expanded_graph_nodes_v2.csv
UKR,government,true,denormalized from expanded_graph_nodes_v2.csv
USA,semiconductors,true,denormalized from expanded_graph_nodes_v2.csv
USA,automotive,true,denormalized from expanded_graph_nodes_v2.csv
USA,electronics,true,denormalized from expanded_graph_nodes_v2.csv
USA,aerospace,true,denormalized from expanded_graph_nodes_v2.csv
USA,shipping,true,denormalized from expanded_graph_nodes_v2.csv
USA,energy,true,denormalized from expanded_graph_nodes_v2.csv
USA,consumer_goods,true,denormalized from expanded_graph_nodes_v2.csv
USA,banking,true,denormalized from expanded_graph_nodes_v2.csv
USA,insurance,true,denormalized from expanded_graph_nodes_v2.csv
USA,capital_markets,true,denormalized from expanded_graph_nodes_v2.csv
USA,oil,true,denormalized from expanded_graph_nodes_v2.csv
USA,gas,true,denormalized from expanded_graph_nodes_v2.csv
USA,utilities,true,denormalized from expanded_graph_nodes_v2.csv
USA,aviation,true,denormalized from expanded_graph_nodes_v2.csv
USA,ports,true,denormalized from expanded_graph_nodes_v2.csv
USA,telecommunications,true,denormalized from expanded_graph_nodes_v2.csv
USA,agriculture,true,denormalized from expanded_graph_nodes_v2.csv
USA,tourism,true,denormalized from expanded_graph_nodes_v2.csv
USA,government,true,denormalized from expanded_graph_nodes_v2.csv
VEN,semiconductors,false,denormalized from expanded_graph_nodes_v2.csv
VEN,automotive,false,denormalized from expanded_graph_nodes_v2.csv
VEN,electronics,false,denormalized from expanded_graph_nodes_v2.csv
VEN,aerospace,false,denormalized from expanded_graph_nodes_v2.csv
VEN,shipping,false,denormalized from expanded_graph_nodes_v2.csv
VEN,energy,true,denormalized from expanded_graph_nodes_v2.csv
VEN,consumer_goods,true,denormalized from expanded_graph_nodes_v2.csv
VEN,banking,true,denormalized from expanded_graph_nodes_v2.csv
VEN,insurance,false,denormalized from expanded_graph_nodes_v2.csv
VEN,capital_markets,false,denormalized from expanded_graph_nodes_v2.csv
VEN,oil,true,denormalized from expanded_graph_nodes_v2.csv
VEN,gas,false,denormalized from expanded_graph_nodes_v2.csv
VEN,utilities,true,denormalized from expanded_graph_nodes_v2.csv
VEN,aviation,false,denormalized from expanded_graph_nodes_v2.csv
VEN,ports,false,denormalized from expanded_graph_nodes_v2.csv
VEN,telecommunications,true,denormalized from expanded_graph_nodes_v2.csv
VEN,agriculture,true,denormalized from expanded_graph_nodes_v2.csv
VEN,tourism,true,denormalized from expanded_graph_nodes_v2.csv
VEN,government,true,denormalized from expanded_graph_nodes_v2.csv
VNM,semiconductors,false,denormalized from expanded_graph_nodes_v2.csv
VNM,automotive,false,denormalized from expanded_graph_nodes_v2.csv
VNM,electronics,true,denormalized from expanded_graph_nodes_v2.csv
VNM,aerospace,false,denormalized from expanded_graph_nodes_v2.csv
VNM,shipping,false,denormalized from expanded_graph_nodes_v2.csv
VNM,energy,false,denormalized from expanded_graph_nodes_v2.csv
VNM,consumer_goods,true,denormalized from expanded_graph_nodes_v2.csv
VNM,banking,true,denormalized from expanded_graph_nodes_v2.csv
VNM,insurance,false,denormalized from expanded_graph_nodes_v2.csv
VNM,capital_markets,false,denormalized from expanded_graph_nodes_v2.csv
VNM,oil,false,denormalized from expanded_graph_nodes_v2.csv
VNM,gas,false,denormalized from expanded_graph_nodes_v2.csv
VNM,utilities,true,denormalized from expanded_graph_nodes_v2.csv
VNM,aviation,false,denormalized from expanded_graph_nodes_v2.csv
VNM,ports,false,denormalized from expanded_graph_nodes_v2.csv
VNM,telecommunications,true,denormalized from expanded_graph_nodes_v2.csv
VNM,agriculture,true,denormalized from expanded_graph_nodes_v2.csv
VNM,tourism,true,denormalized from expanded_graph_nodes_v2.csv
VNM,government,true,denormalized from expanded_graph_nodes_v2.csv
YEM,semiconductors,false,denormalized from expanded_graph_nodes_v2.csv
YEM,automotive,false,denormalized from expanded_graph_nodes_v2.csv
YEM,electronics,false,denormalized from expanded_graph_nodes_v2.csv
YEM,aerospace,false,denormalized from expanded_graph_nodes_v2.csv
YEM,shipping,false,denormalized from expanded_graph_nodes_v2.csv
YEM,energy,false,denormalized from expanded_graph_nodes_v2.csv
YEM,consumer_goods,true,denormalized from expanded_graph_nodes_v2.csv
YEM,banking,true,denormalized from expanded_graph_nodes_v2.csv
YEM,insurance,false,denormalized from expanded_graph_nodes_v2.csv
YEM,capital_markets,false,denormalized from expanded_graph_nodes_v2.csv
YEM,oil,false,denormalized from expanded_graph_nodes_v2.csv
YEM,gas,false,denormalized from expanded_graph_nodes_v2.csv
YEM,utilities,true,denormalized from expanded_graph_nodes_v2.csv
YEM,aviation,false,denormalized from expanded_graph_nodes_v2.csv
YEM,ports,false,denormalized from expanded_graph_nodes_v2.csv
YEM,telecommunications,true,denormalized from expanded_graph_nodes_v2.csv
YEM,agriculture,true,denormalized from expanded_graph_nodes_v2.csv
YEM,tourism,true,denormalized from expanded_graph_nodes_v2.csv
YEM,government,true,denormalized from expanded_graph_nodes_v2.csv
ZAF,semiconductors,false,denormalized from expanded_graph_nodes_v2.csv
ZAF,automotive,true,denormalized from expanded_graph_nodes_v2.csv
ZAF,electronics,false,denormalized from expanded_graph_nodes_v2.csv
ZAF,aerospace,false,denormalized from expanded_graph_nodes_v2.csv
ZAF,shipping,false,denormalized from expanded_graph_nodes_v2.csv
ZAF,energy,false,denormalized from expanded_graph_nodes_v2.csv
ZAF,consumer_goods,true,denormalized from expanded_graph_nodes_v2.csv
ZAF,banking,true,denormalized from expanded_graph_nodes_v2.csv
ZAF,insurance,false,denormalized from expanded_graph_nodes_v2.csv
ZAF,capital_markets,false,denormalized from expanded_graph_nodes_v2.csv
ZAF,oil,false,denormalized from expanded_graph_nodes_v2.csv
ZAF,gas,false,denormalized from expanded_graph_nodes_v2.csv
ZAF,utilities,true,denormalized from expanded_graph_nodes_v2.csv
ZAF,aviation,false,denormalized from expanded_graph_nodes_v2.csv
ZAF,ports,false,denormalized from expanded_graph_nodes_v2.csv
ZAF,telecommunications,true,denormalized from expanded_graph_nodes_v2.csv
ZAF,agriculture,true,denormalized from expanded_graph_nodes_v2.csv
ZAF,tourism,true,denormalized from expanded_graph_nodes_v2.csv
ZAF,government,true,denormalized from expanded_graph_nodes_v2.csv
