id,slug,name_ru,name_en,type,start_date,end_date,countries_iso3,industries_geds,shock_mechanism,channels,chokepoints,delta_gdp_pct,delta_output_pct,delta_trade_pct,delta_cpi_pct,delta_unemployment_pct,shortage_indicator,recovery_weeks,companies,loss_usd_billions,sources,in_geds_graph,target_node_geds,shock_magnitude_geds,duration_weeks_geds,notes
1,covid-semiconductor-2020-2021,Дефицит полупроводников из-за COVID,COVID-19 semiconductor supply shock,pandemic-supply,2020-03-15,2021-12-31,"TWN;USA;CHN;JPN;KOR;DEU","semiconductors;automotive;electronics",Pandemic-driven demand reallocation + foundry capacity bottlenecks,Wafer fab disruption + container shortage,CP:TaiwanStrait,missing,0.115,missing,missing,missing,high,52,"TSMC;Samsung;Intel;Toyota;VW",210,"SIA State of the Industry 2021; McKinsey 2021 semiconductor report; Goldman Sachs 2021",yes,TWN:semiconductors,0.60,40,Auto-industry production loss 11.5% per IHS Markit 2021 estimate
2,suez-canal-2021,Блокировка Суэцкого канала Ever Given,Suez Canal blockage by Ever Given,logistics-chokepoint,2021-03-23,2021-03-29,"global","shipping;automotive;electronics;consumer_goods","Container ship grounding blocking canal","Maritime shipping (12% of global trade transits Suez)",CP:Suez,missing,0.008,missing,missing,missing,low,1,"Maersk;CMA CGM;Evergreen;Suez Canal Authority",57,"Allianz Risk Barometer 2022; Lloyd's List Intelligence; Bloomberg 2021",yes,CP:Suez,0.85,1,Total trade loss USD 9.6B per day × 6 days = USD 57B per Allianz estimate
3,auto-chip-shortage-2021,Авто-чиповый кризис 2021,Automotive chip shortage 2021,supply-chain-bottleneck,2021-01-01,2022-06-30,"USA;DEU;JPN;KOR;MEX","semiconductors;automotive","JIT inventory collapse + foundry priority allocation to consumer electronics","Tier-1 auto chip supply (NXP;Infineon;Renesas)",missing,missing,0.077,missing,missing,missing,high,72,"GM;Ford;VW;Toyota;Honda",210,"AlixPartners 2021 estimate USD 210B revenue loss; IHS Markit Q3 2021",yes,TWN:semiconductors,0.55,32,Industry-wide auto production cut 7.7% per AFS Mobility tracker
4,japan-triple-disaster-2011,Тройное бедствие Тохоку (землетрясение+цунами+Фукусима),Japan triple disaster (Tohoku earthquake + tsunami + Fukushima),natural-disaster,2011-03-11,2011-09-30,"JPN","automotive;electronics;semiconductors","Magnitude 9.0 earthquake + tsunami + nuclear meltdown disrupted Tier-1 supply",Auto + electronics + chemicals supply chains; rolling blackouts,missing,0.009,0.039,missing,missing,missing,medium,16,"Toyota;Nissan;Honda;Renesas;Shin-Etsu Chemical",235,"METI Japan 2011 white paper; Bank of Japan economic outlook 2011; OECD Economic Survey Japan 2011",yes,JPN:automotive,0.55,8,Auto production loss 3.9% peak per OECD STAN
5,us-china-tariffs-2019,Торговая война США-Китай (волна тарифов 2019),US-China tariffs escalation 2019,trade-war,2018-07-06,2019-12-15,"USA;CHN","semiconductors;electronics;consumer_goods;automotive","Multi-round tariffs USTR Section 301; Chinese retaliation","Bilateral trade flows; multinational supply-chain restructuring",missing,missing,0.020,missing,0.005,missing,low,52,"Apple;Huawei;Cisco;Boeing",missing,"USTR Section 301 reports 2018-2019; Bown 2020 PIIE working paper",yes,CHN:electronics,0.20,52,Auto sector cross-border production -2% per Bown PIIE 2020
6,texas-winter-storm-2021,Зимний шторм в Техасе (Uri),Texas winter storm Uri,natural-disaster,2021-02-13,2021-02-20,"USA","semiconductors;automotive;energy","Polar vortex + grid failure + frozen LNG terminals","Power supply to semiconductor fabs (Samsung Austin;NXP;Infineon)",missing,missing,0.005,missing,missing,missing,low,4,"Samsung;NXP;Infineon;Dow",missing,"ERCOT 2021 review; Texas A&M Bush School 2021 storm impact analysis",yes,USA:semiconductors,0.30,2,Semi industry impact small per Bain & Co Q2 2021
7,eu-energy-crisis-2021,Энергокризис в ЕС (осень-зима 2021),EU energy crisis fall-winter 2021,energy-price-shock,2021-09-01,2022-03-31,"DEU;NLD","energy;automotive","TTF gas price spike 5x baseline; restricted Russian flows pre-war","Energy-intensive industry production cuts (chemicals;metals;fertilizers)",missing,missing,0.015,missing,0.025,missing,medium,26,"BASF;Yara;ArcelorMittal",missing,"IEA Gas Quarterly Review Q1 2022; Bruegel 2022 energy crisis tracker",yes,DEU:automotive,0.25,26,Industrial output drop ~1.5% per Bundesbank monthly report
8,malaysia-semiconductor-2021,Полупроводниковый кризис Малайзии (COVID-волна),Malaysia semiconductor disruption COVID wave,pandemic-supply,2021-06-01,2021-10-31,"MYS","semiconductors;electronics","COVID-19 lockdowns at chip assembly/test plants in Penang","Backend assembly+test for global chip supply (Infineon;ST;NXP)",missing,missing,0.012,missing,missing,missing,medium,20,"Infineon;STMicroelectronics;NXP;Renesas",missing,"Reuters 2021 Malaysia chip coverage; Nikkei Asia 2021 supply tracker",yes,MYS:electronics,0.40,16,Backend chip output disruption per Renesas Q3 2021 earnings
9,9-11-terrorism-2001,Теракты 11 сентября 2001 (США),September 11 terrorist attacks,terrorism,2001-09-11,2001-09-13,"USA","aviation;insurance;tourism","Coordinated hijackings of 4 aircraft + ground-stop of US aviation","US national airspace closure 3 days; aviation insurance crisis; consumer confidence collapse",missing,missing,missing,missing,missing,missing,high,missing,"American Airlines;United Airlines;Boeing;Marsh & McLennan",40,"GAO-02-156 report 2001; Bureau of Transportation Statistics 2002; Insurance Information Institute 2011",no,missing,missing,missing,Aviation sector not in GEDS graph; map to consumer_goods or skip until graph expansion
10,sars-2003,Эпидемия SARS 2003,SARS epidemic 2003,pandemic-services,2003-02-01,2003-07-31,"CHN;HKG;SGP;CAN","tourism;aviation;retail","SARS-CoV-1 spread + travel restrictions across Asia","Asian aviation;hospitality;cross-border services trade",missing,missing,missing,missing,missing,missing,medium,missing,"Singapore Airlines;Cathay Pacific;Marriott",40,"WHO SARS final report 2003; World Bank EAP Update Sep 2003; Lee&McKibbin 2004 Brookings paper",no,missing,missing,missing,Services-sector shock; GEDS is manufacturing graph; needs services sector expansion
11,financial-crisis-2008,Глобальный финансовый кризис 2008-09,Global financial crisis 2008-09,financial,2008-09-15,2009-06-30,"USA;global","financial;automotive;construction","Lehman Brothers collapse + credit market freeze","Trade finance freeze;commercial paper market;auto demand collapse",missing,missing,0.105,0.007,missing,missing,high,104,"Lehman Brothers;AIG;GM;Chrysler;Citigroup",missing,"IMF WEO April 2009; BIS 79th Annual Report 2009; Mian&Sufi 2014 book",no,missing,missing,missing,Pure financial shock; GEDS is trade-flow model; partial map to USA:automotive demand collapse
12,russia-ukraine-2022,Война РФ-Украина (с 2022),Russia-Ukraine war 2022-,geopolitical-energy-grain,2022-02-24,missing,"RUS;UKR;DEU;global","energy;agriculture;automotive","Full-scale invasion + Western sanctions + grain corridor disruption","European gas import collapse;Black Sea grain;sanctions on Russian exports",missing,missing,missing,missing,0.550,0.022,high,missing,"Gazprom;Kalashnikov;Cargill;ADM",missing,"FAO Food Price Index 2022; IEA World Energy Outlook 2022; IMF WEO October 2022",no,missing,missing,missing,RUS and UKR not in GEDS graph (need expansion); 55% wheat price spike per FAO; energy partial map possible to DEU:energy
13,sars-2003,Эпидемия SARS,SARS epidemic (2003),pandemic-demand,2003-03-01,2003-07-31,CHN;HKG;TWN;SGP,tourism;aviation;consumer_goods,Demand/services shock; manufacturing base unaffected,Travel collapse; retail demand drop,,missing,0.0,missing,missing,missing,low,16,Cathay Pacific;HK retail,13,He & Siu HKU 2004; Keogh-Brown & Smith 2008; World Bank WP4466 2008,no,,,,"NEAR-MISS for manufacturing: Pearl River Delta production and logistics continued normally (2003 port throughput +17.9% y/y). Global supply chains held; hit was services demand (HK retail bottomed May, recovered by end-July). No US inflation attribution published. Out of graph: services/demand-side shock outside the supply-propagation scope."
14,kobe-earthquake-1995,Землетрясение в Кобе,Kobe/Hanshin earthquake (Jan 1995),natural-disaster-port,1995-01-17,1995-12-31,JPN,ports;shipping;electronics,Port destruction: all container terminals damaged,Container rerouting to Osaka/Yokohama and foreign ports,,missing,missing,-0.8,missing,missing,medium,104,Port of Kobe,100,Chang 2000; Edgington 2016; Moody's 2025 retrospective,no,,,,"Japan's largest container port effectively shut: Feb 1995 exports ~20% of prior year. National manufacturing dip was brief; traffic permanently diverted (Kobe never regained #6 world rank - structural loss, not cascade). Out of graph: JPN has no shipping/port node in the current 12x6 graph and the 1995 economy predates the 2019 calibration."
15,eyjafjallajokull-2010,Извержение Эйяфьятлайокудль,Eyjafjallajökull eruption (Apr 2010),natural-disaster-aviation,2010-04-15,2010-04-22,ISL;DEU;GBR;FRA,aviation;electronics;automotive,European airspace closure: >84% flights cancelled at peak; ~40% of EU air cargo affected,"Air-freight JIT parts (electronics, auto)",,missing,0.0,missing,missing,missing,low,2,BMW;Nissan;airlines,5,IATA 2010; Oxford Economics 2010; Eurocontrol 2010,no,,,,"8-day airspace closure, 107k flights cancelled (~48% of zone traffic). Airlines lost ~$1.7-1.8bn; BMW/Nissan reported brief line stoppages from missing air-freighted parts. NEAR-MISS for manufacturing: sea freight (99% of EU goods volume) unaffected; production loss not measurable at national scale. Out of graph: no aviation nodes."
16,uk-fuel-driver-shortage-2021,Топливный кризис в Великобритании,UK fuel/HGV driver shortage (Sep-Oct 2021),labor-logistics,2021-09-24,2021-10-31,GBR,logistics;consumer_goods,HGV-driver labor shortfall ~45-50k (~15% of pool); panic buying drained forecourts,Retail fuel distribution,,missing,0.0,missing,missing,missing,low,5,BP;Esso;Army deployment,missing,BBC 2021; Logistics UK 2021; CSRF 2022,no,,,,"NEAR-MISS: 0% production capacity offline - refineries/terminals had ample stocks; the constraint was drivers + panic demand (forecourts dry within days, military tankers deployed Oct 4, normalized by end-Oct). No published production or US-inflation impact. Out of graph: GBR is not a graph country; labor-pool shocks are outside the model's mechanism set."
17,germany-floods-2021,Наводнение в Германии,Germany Ahr valley floods (Jul 2021),natural-disaster,2021-07-14,2021-09-30,DEU,infrastructure;consumer_goods,"Catastrophic regional flooding (NRW, Rhineland-Palatinate)",Regional infrastructure; rail links,,missing,0.0,missing,missing,missing,low,12,reinsurers ~EUR8bn insured,40,ING Economics 2021; GDV 2021; Destatis 2021,no,,,,"NEAR-MISS for industry: Rhine-based majors (BASF, Bayer, Thyssenkrupp) explicitly NOT hit; damage concentrated in residential/infrastructure. National industrial output showed no flood-attributable national-scale loss. Out of graph: no measurable source-side industry shock to encode - kept as the cleanest documented false-positive in the set."
18,china-gallium-germanium-2023,Экспортный контроль Китая: галлий/германий,China gallium/germanium export controls (Aug 2023),export-control-materials,2023-08-01,2023-12-31,CHN;USA;JPN;DEU,semiconductors;electronics,"Export licensing: China = 98% of primary gallium, ~60% germanium; exports fell to ~0 for ~2 months","Compound-semiconductor materials (GaAs, GaN, optics)",,missing,0.0,missing,missing,missing,low,10,AXT;Freiberger;chipmakers,missing,USGS Minerals Yearbook 2022/MCS 2024; CRMA 2024; US ITC trade data 2023,no,,,,"NEAR-MISS: exports Jul->Aug 6876kg->0 (Ga), then licensing resumed (Oct 227kg). Feared chip disruption did not materialize: tiny volumes, downstream stockpiles, recycling and substitution absorbed it; prices spiked then eased. Out of graph: raw-material export channel (not production capacity) - below the granularity of the current industry nodes."
